patient_id,visit_type,visit_loc,visit_service,consult_request_service,visit_date,visit_derivation_PC,consult_request
YwaVWEIeNmbPrGGhjfaz,3,2,URG,URG,2006-03-11,1,1
YdCyFeEoCHzsmWxBbAah,7,3,RAD,RAD,2013-09-01,0,1
ytcEiChWOXhpcoPjiXiR,5,2,ULM,ULM,2022-12-23,0,0
cusrQyOyQTwOQpgjwgBR,5,3,MIR,MIR,2019-08-02,0,1
zQIHrKQiVoiRLPxducob,999,1,ALG,ALG,2018-10-01,0,0
AeWKqXdndwkuKUAQsSAK,2,3,OFT,OFT,2016-05-21,1,0
jEpQBzOCrgGWRdqaJHNh,4,1,RAI,RAI,1998-05-21,1,1
lwMkQtTXBVvJSRenvSof,4,1,ADM,ADM,2008-07-20,0,0
tlLEcTwOiqduwJyuyotF,8,1,CPE,CPE,1998-05-05,0,1
kAWxIIPLIftPdhVEYNZp,7,2,MIP,MIP,2003-12-29,0,1
JrXpkQoBFrrqnNECQnhb,2,1,MFC,MFC,2023-06-25,1,1
bZYIZAwAdNpKVlAHQJrD,5,1,NML,NML,2014-11-17,1,1
izWXhBGhXmiAAOSqKDBF,999,2,MIP,MIP,1999-05-23,1,1
xtWNJUFdlPsWJtzcxepW,8,2,UTX,UTX,2004-05-30,1,1
hJHKPSstjHlkZGLAgVHc,2,3,DIG,DIG,2001-03-22,1,0
VyFtuOmaqZgFSBEBqsWL,5,2,DIE,DIE,2008-12-08,1,0
HxVTYCvjoTjXESBNERAL,2,3,MNU,MNU,2012-08-01,1,0
PtfJSRgOzCgOmKrXKsCj,2,1,REU,REU,2014-07-10,0,1
yWWqwBCZekFrtKkbYqfc,999,2,CMF,CMF,2005-07-06,1,1
JwrYWLUiYaFVVKWFiVkx,5,3,MIN,MIN,1996-12-05,0,0
xArnUuJzmoYVimXVsCwx,999,3,CPE,CPE,1999-03-18,0,0
COLLdmHLzOXKRrQAPJpO,1,3,CIR,CIR,2004-08-27,0,0
PAhtjhpzPFnVXSyTiPlm,999,2,URO,URO,2005-02-11,0,1
dQQRDhulDhlLGJAsjlCa,4,1,CPL,CPL,2010-03-21,1,1
swJavvXHANOODpEbKgYD,8,3,UCP,UCP,2018-10-15,0,1
NukwfvSFVLOMldtgJbAP,4,1,NML,NML,2002-01-16,1,0
LacXbNTlGDUmxnvMBapI,5,3,ANR,ANR,2011-09-16,0,1
XEVKHGFVwwroeURMDrBF,3,2,UTX,UTX,2020-07-08,0,0
IvwjfUrEYjAuqAHXHrLF,5,2,EST,EST,2017-06-18,1,0
nTdVxFabFfIKjDnRNQqW,1,2,CAR,CAR,2004-05-06,1,0
bDrCMeOWOaeRCrJQFaxl,2,3,LIT,LIT,2009-02-09,0,0
sruKbgsMfniGDzePNJRv,1,3,ONC,ONC,1994-08-09,0,0
qCGDKiwzhAyDpohgZIZn,999,1,URO,URO,1996-10-05,1,0
qpiGYxntcsOKabFjQYHJ,4,2,UCE,UCE,2008-07-21,1,1
PqWVvWxAXGrkXquswuWJ,999,3,RDT,RDT,2008-10-22,0,1
nWFxsAWjtxVROgtWvFnq,6,2,NFC,NFC,2021-09-02,0,1
wqIGQLDjxNxixzIRdplg,8,1,RDT,RDT,2002-06-26,0,0
WEjYTtpEwyXDNXeZYSfh,3,3,MPR,MPR,1997-08-30,1,0
gyTTbOkqnVwZpslqkpMB,6,2,MIC,MIC,2014-01-13,1,1
ZBMnXJjFcrAFxgeIHBfq,6,3,FAC,FAC,1997-11-21,0,0
WnYtvblHDOddtLzHaQGJ,2,1,ACL,ACL,2000-06-10,0,1
SPgoCXnpPdMpIryHbvUM,7,1,PSQ,PSQ,2006-01-19,1,0
lLOaUBHyoMZEcFvXxZUc,5,3,BCS,BCS,2023-05-14,1,0
GnkFVPbHMrWYegxbuuQN,8,2,LAB,LAB,2001-08-02,1,0
MIQrdvvIxYIAsAXDqYDz,3,2,ORL,ORL,2023-02-25,1,1
SnsyYhXToSVTxEneERyq,6,2,NEF,NEF,2001-07-02,0,0
BfCmkeQOLSPKkRZTNHso,4,1,ANR,ANR,2022-03-12,0,1
AHcycbfUjBwFQizdYekx,5,2,URH,URH,2008-07-16,0,0
xfIuVodXbBqThnJBqmxB,4,2,MPR,MPR,1994-08-19,0,1
WugVQKdEumUNQjhWJapB,8,2,ONR,ONR,2008-01-21,0,1
gDpqxmNCwgqhPrjknsPH,4,3,CPL,CPL,2012-07-19,0,1
oYBeuulRsnhhYSxwuudp,6,2,END,END,2004-08-25,0,1
FccKdLljKdNNEthxfNwy,5,3,OTR,OTR,2006-02-17,1,0
xAhBYPkXAmUgsaSchQVN,999,1,MIR,MIR,2021-12-10,0,1
lNqrHudoGUugbRBbhwHB,6,1,MIR,MIR,2013-10-01,1,0
UERREwpqFMLjDsxXZBVx,2,3,REH,REH,2009-04-30,0,0
FNmgBlZFInfQWtfUtpMx,2,3,CCA,CCA,2006-05-08,1,1
foHGzNWWScKRXcRLHSlU,3,3,FAR,FAR,2008-09-14,0,1
KPzTEgkrwbCMOtuSqjva,4,2,BCS,BCS,2016-11-09,0,0
yADrXHCsLjOWJiKXTWQr,5,3,LIT,LIT,2014-06-26,1,1
EBfVzHQwPdvZYRvKXIFr,7,1,MPR,MPR,2007-05-26,1,1
BfjPoOSKPLSdoXizSHic,999,3,MIP,MIP,2022-06-16,1,1
ZHtHdGRqpsgEGEHvzcxE,7,1,BCS,BCS,2010-01-14,0,0
bQdwXdnHUTwbCOkSpRIm,2,2,INF,INF,2014-07-07,0,1
GCiJcPfDTfclbvJrrQhy,4,3,NRL,NRL,2004-08-13,1,0
ssKOgynayAwXYCMmYoqA,2,2,CTO,CTO,1996-03-02,1,0
EAideSQctOszLnkOOCRz,7,2,LAB,LAB,2010-07-21,0,0
CAgJvYXeIdOCJrNVkoSn,6,1,FAR,FAR,1998-02-18,0,0
ihAdMzwminvAsAnBscPS,999,3,UHD,UHD,2000-04-29,0,0
BebZPJkthRxZzvoNGPgh,5,3,RDT,RDT,1998-06-11,1,1
ABurkbQHeTwvnEjpSBVO,999,3,CMF,CMF,2002-05-24,0,0
FfDyqpOOpOhjcHQbWrjs,5,3,MPR,MPR,1997-03-16,0,0
QfSDXNSxpEFElFagAwaE,4,2,UDO,UDO,2001-04-29,1,1
XkHrHSSHvxNdHGfKnURx,7,3,DER,DER,2015-01-26,0,1
LBHHJTXZAbtcyAacNtkW,4,2,BIO,BIO,2010-09-07,1,1
qhdeloZioaURgJzSPXyr,6,2,MIV,MIV,1996-05-08,1,1
DHkqHhKyBpuhDWoEvILv,3,1,LIT,LIT,2011-06-22,1,1
EorJmrkkDdWSSDQdXmaV,1,1,URG,URG,1996-01-21,0,0
qXUSPDfJpXthPqgJtqtu,6,2,EST,EST,1997-08-10,0,0
WcUYBYUfKhBAixApaZtY,4,2,UHD,UHD,1999-03-11,0,0
fBYDtcxaYkuveXMPTqDZ,7,2,BIO,BIO,2003-12-14,0,1
BCvOhtriChKUDZfHyOCx,4,1,DER,DER,2011-09-27,0,1
qOPEXRqOeHTwoHnTTNRx,1,2,ACL,ACL,2016-04-12,1,1
BVQrpUhOkJcNtXEZGKOq,1,3,RDT,RDT,2014-01-23,0,0
xmAasVLWRWCuekJQSXHK,999,2,NEO,NEO,2003-09-29,1,0
cwKzmehRtMELYtXfKJqH,4,1,MIP,MIP,2011-11-15,0,1
GEXHcfjlsCOdCVAJQcBU,4,3,ACL,ACL,2015-03-11,1,1
EtMObnOcEVOCEyaEfNVT,4,2,NML,NML,2017-08-28,1,1
UoHHKbblqBvhYhtwmvCM,3,1,UCE,UCE,2004-03-19,1,1
TgknHLNcDPunZnpnGaBR,4,3,LIT,LIT,2019-10-12,1,0
eIxWOTXEiruFkVTUGUIv,3,3,MNU,MNU,2004-10-09,1,1
kScVPEzJtmtnxKewwpDy,8,2,GEN,GEN,2020-09-18,1,0
MWVvsAvuoHiCOnldeUJb,4,1,URG,URG,2000-07-30,1,0
YwaRcSxVPDZUDcIhfpOR,3,1,ANR,ANR,1999-07-17,0,1
tMVJYoMxtwwaPybiPiPU,5,2,URH,URH,2014-03-01,1,1
qeBODSMxdszciUhOPWTj,8,1,MIR,MIR,2022-11-04,0,0
duUxyDxHTfMSKXsWGTjh,3,2,INM,INM,2001-06-15,1,1
dzwfVEllqjqIcnlWNYDt,4,3,MPR,MPR,2022-09-14,0,1
NHCRlEQxFbPEsYEJAFKO,4,1,LIT,LIT,1998-01-27,1,0
EEyTXPvYggqsQvXRapBv,5,2,NRC,NRC,2000-06-20,1,0
GHLkYcKBGYhSaPzzdEBI,1,3,MNU,MNU,2005-02-11,1,1
LxpzybHsQXetNCYWCrsA,4,2,INF,INF,2004-10-24,0,0
EQAEytxVIfcWAErjyEZi,8,2,UTX,UTX,1994-07-06,0,0
mRWzPSpFAmoEBXCmFCWl,8,2,CPL,CPL,2004-06-16,0,0
ZGhDFJtBfoCsqMnVpBvg,1,1,CIR,CIR,2023-03-15,0,1
SUpPECPFAhkkkqbDWnFI,6,2,MPR,MPR,2012-02-09,1,0
oUZtzflyRhbQDNweofMO,2,3,NEO,NEO,1999-06-13,1,1
TlOgSlDCZsIxcYwiJOpb,4,2,MNU,MNU,1999-05-02,1,0
bqCHiaxJnVdwoivdLhoM,999,3,UCR,UCR,2014-09-01,0,0
ZyhUWXdpNVgEupwmdOSV,2,1,TRA,TRA,2010-10-08,1,1
SQJTCNHBnhBpEAVdXFtD,8,3,MIC,MIC,2001-07-09,1,0
EhHGdiSZPOsyLtsBZHfP,999,2,HEM,HEM,2002-07-03,1,0
YEjNeYnpLIJkczGhKOpW,5,2,UTR,UTR,2007-08-23,0,1
HWzQbvBENifqBwXSFHCQ,2,2,CMF,CMF,2003-05-22,1,0
OwDZvhWomwOmGaxBckxG,2,1,CTO,CTO,2022-09-29,0,0
HNPwWmtmXqJqPOJKGxwd,999,2,MIR,MIR,2019-12-03,1,0
nxPSboYCeDtchNvrFvgB,1,2,MNU,MNU,1998-07-18,0,0
zisvnBYfGRstXNpzilpU,6,3,ADM,ADM,2016-04-11,0,1
DMlglTEGxFzMpGQQfShP,5,3,ANR,ANR,1999-06-11,0,1
LBPZlXTMrAGgIDLQBBaK,4,2,URG,URG,2008-12-14,0,1
DcmqysydZJITuBhOUYus,5,1,CCA,CCA,2007-09-17,1,0
OZyzZZMpXqEliYKXGFSj,5,3,LIT,LIT,2016-11-23,1,1
HiHTCZeYrpidOQalCFAk,4,2,MFC,MFC,1997-10-24,0,0
eESBIeQLOeCbvMOvuuEv,3,3,APA,APA,2018-10-10,1,1
ManjpFETJmnBkifQmOXY,1,2,REH,REH,2023-03-22,1,1
XhzqdENsGTqXCDNxJJIw,2,2,NRL,NRL,2016-12-03,0,0
oXxDOJDzbusgsnqzNWlT,7,2,NRL,NRL,2002-06-03,1,1
MtqiddFPvWGZHmiTDnna,3,1,CCI,CCI,2006-01-13,0,1
KSbJAHKYsOyMaqXQghzD,8,2,ADM,ADM,2014-05-01,1,1
pzTgLLCnzqVbRwFHjvkq,5,3,ORL,ORL,2011-09-27,0,0
gyGWKWYJTIRckSPYgOXC,7,2,ALG,ALG,1994-08-26,1,1
tURXEApeeEaaKHXeQUev,1,3,URH,URH,2022-01-23,0,0
WtiafGgMDhiknaFEBtRm,1,2,NEF,NEF,2010-01-19,0,1
rhSSiigBiEbjmPrTMUqX,1,2,HEL,HEL,2011-12-18,1,0
rqVhSVFTWFtGCjMwgFVt,999,1,CPE,CPE,2015-05-21,1,1
CpLySvnylWOdbfXhfhLH,8,2,FAR,FAR,2010-09-22,1,0
UuiPEenWpIXsCMScOXVV,2,2,NEO,NEO,2007-11-22,0,1
eTrBNhOjAFBnxXhedroz,7,2,MIP,MIP,2004-01-21,1,1
zjmyqPWbuPLFxKoFKfrL,8,3,OTR,OTR,2001-05-28,1,0
SyJsjJkrWjipDqeulPEq,3,3,MNU,MNU,1993-12-27,0,0
IVVUdbRvvxQYTFEZymvN,3,3,MIV,MIV,2013-04-07,0,0
ajVRgKjLPwpKgiUNUfOX,1,3,USO,USO,2005-06-11,1,0
JXXQzvikWDlAxfjehhNY,6,1,CPE,CPE,1995-08-18,1,0
QkAoKIqhTfGkIxuhDvya,7,1,INM,INM,2000-02-10,1,1
YhLvYEerfavbYldLXVsj,3,3,CPE,CPE,2009-05-24,1,0
KBVTsFngEetfCAPNHhss,1,3,CTO,CTO,2005-08-24,0,0
sSkhYcbtjOHTdRSSFlbX,5,3,USO,USO,2020-01-02,0,1
QdSLyYnWnoamVXZOGBKp,8,2,APA,APA,2005-09-02,1,0
PPEqZTetcLTvnUKBkCNv,4,3,ACV,ACV,2007-12-23,1,0
VUdkqjZtOzSPanXudPoG,7,2,DCL,DCL,2018-03-16,0,0
ijeIZAROSnHKVRwXEuLJ,999,3,MNU,MNU,2020-08-20,1,1
atzJmnZylCCGaKfdnrsJ,3,1,BIO,BIO,1994-06-05,1,1
ejEjmStqznriFmBlmwbL,7,3,ONC,ONC,2010-02-19,0,0
NzgBPsqPFfGxlEiWBKGy,2,3,GEN,GEN,2001-06-30,1,0
fYmwDiVOFngSmqYgDbeW,6,3,REU,REU,2012-11-01,0,1
mjMMMhGaeLsAfDeYkgTI,5,1,URO,URO,2002-12-17,0,0
lwGTXMRhEZxeZZWDraWD,1,2,URO,URO,2012-01-26,1,0
bGUfSwhtQwxvckzrvvZM,1,3,UTX,UTX,2013-08-11,1,1
QGlRerbHZJXqFlXYteyp,8,1,GEN,GEN,2006-10-13,0,0
xAnKqVqQNlScapHATwyg,8,3,CPE,CPE,2010-09-25,0,0
FvQzPulpQxDReiabuJNo,6,3,ONC,ONC,2014-09-02,1,0
ExzTKDNTHbdaHOxLHprm,6,1,RAI,RAI,2023-07-09,0,0
MCLQJFmwGoxgHYOrIkIo,3,3,EST,EST,2006-12-02,0,1
NnqQTXFZmMpTciMHuDXy,8,1,ACV,ACV,2006-03-15,1,0
zHnBQKAWrYUpAkryVlLD,5,3,MIV,MIV,2010-09-28,1,1
bmsykeZqnMmSOYapFwTn,7,2,CCI,CCI,1995-05-16,1,1
dRdscRakmtXpMUVAclFI,8,3,CIR,CIR,1997-05-16,1,0
yMlSXaEWhtSjVhJvlNXa,4,3,INM,INM,1995-07-14,0,0
OaxEeuoJDoLOdWvaoQzD,2,1,PED,PED,2003-10-29,0,1
RQYAZnZYFpHKnKCvQnqx,2,2,PED,PED,2003-04-15,0,0
qFlebJLEeSDUKoYpuQEZ,999,1,RDT,RDT,1997-04-05,1,1
toSqGcHQMDqHOIivDwqv,4,1,UCP,UCP,2013-09-13,1,1
lKtKGpXsOBnoSmyfkeAb,5,1,LAB,LAB,2012-11-20,0,0
dRMZIPBHOICNvwIHhivf,5,3,MFC,MFC,1996-06-30,0,0
HLSfqnNuSKNhlMvnZWSX,4,2,OFT,OFT,2012-11-10,0,1
SMlzEGxBhSIXjfiTiUMh,4,2,MPR,MPR,2012-03-10,0,0
migqyPlPzIBMpMgqoFSJ,4,2,UTR,UTR,2007-08-19,0,0
hecTWEylAdkWvXfCoQiv,4,2,MIP,MIP,2012-06-12,1,0
sYDgQfYTsSltAhMKexpf,1,3,CTO,CTO,2002-03-07,1,0
TWiXJDpSwXtfwowaQRJN,1,3,UCP,UCP,2002-10-12,0,1
eXqoOFykzVfcrDUGPmni,1,1,CTO,CTO,2004-01-03,0,0
tmgIhBXHWFqOozAJEtxu,4,3,PED,PED,1997-06-30,0,0
eRykuwmXNfYZMQMvzVBG,2,2,NEO,NEO,2005-09-27,0,1
egUZMgCtHBJhYswUBRgY,3,3,DCL,DCL,2006-12-24,0,0
eQxPzPFoNlLkxzxhrGdg,5,3,CMF,CMF,1995-12-14,0,0
kGXlAqKqNRlrTXDzXOiD,7,2,NEO,NEO,2002-09-21,0,0
vmVOZCKoyNrkoWyaxxSY,5,2,BCS,BCS,2009-04-14,0,0
hPOXjVRQjakpvIgoOOoo,1,3,UCP,UCP,2007-05-25,0,1
jLKKtiyHHBrEupMADjrV,1,1,BIO,BIO,2019-11-03,0,0
ftVfInLLbadfqaYuSrTa,3,1,MPR,MPR,2003-01-30,0,0
jmxYtDPnCTOSCUeiVQRI,7,3,OFT,OFT,2009-06-01,1,1
WvzQxcXokqvEePLEOGEn,5,1,GRT,GRT,1998-01-31,0,1
jBrJKSgmDAedQaaswuMQ,3,1,LIT,LIT,2021-09-19,1,0
qnsUxDttywlFbEdTNgyY,5,1,UCR,UCR,2023-06-04,0,1
jGNSeFDOePFuchUHFDTR,8,2,CCI,CCI,2019-04-03,0,0
lULxhbeSNbjnjVPZgqis,6,3,RDT,RDT,2008-01-27,0,0
KhJKRYTHySYqUsSJvsRZ,3,1,INF,INF,2007-04-16,1,1
HJmyXWImEPMTDfxoQUWh,8,1,DIG,DIG,1996-07-18,1,0
JBIYbqLmzOilrTboRRVS,7,1,NRL,NRL,2011-06-21,0,0
JlfKAzayBXewyLyaqmHf,4,2,MIN,MIN,2018-09-26,1,1
uYyguOFdNfIPyRsaKnpO,7,1,REH,REH,2014-10-17,1,1
aDoHlTZcmaYvqinofqzl,1,1,UCP,UCP,2000-06-06,0,0
DtiMhCppRLggWfeumMDl,2,2,DCL,DCL,2021-08-27,1,1
GfnOvCtEucKwvVBgvOVW,7,2,RAI,RAI,2009-04-11,1,1
RBlXbjGWArNoPBPqpKuc,3,2,ADM,ADM,1995-04-13,0,0
PYAgAbFgFVYIIXqRrcgD,999,1,UTX,UTX,2016-02-15,0,0
wGwmkizARhoFhZRxhdci,3,2,ONR,ONR,2009-09-20,1,1
gfcugozOyMFdgARWPJsE,6,2,UDO,UDO,2003-09-21,0,0
nYyhmGIekCqznDAeIlvq,6,3,FAC,FAC,2021-09-22,0,1
PopguwScxEsuiEcnWjoT,2,1,PSQ,PSQ,1998-10-02,1,1
GNOOhVbCWLtmaztRpbBJ,5,3,CAR,CAR,2013-11-19,1,1
vquzrTwnJqlGsvOUqZuA,999,2,CAR,CAR,1997-08-27,0,0
CxMuINEhMGQtkscMmvUC,1,1,CMF,CMF,2016-07-25,1,0
UPWcuszIPQbFxLGHRccy,4,2,INM,INM,2002-03-08,0,1
zIKLoQvMzZlaIxENKWyC,7,2,LIT,LIT,2021-11-17,0,1
YMtIwlHgdebstOjhBGjx,6,1,END,END,2017-11-12,0,1
ornaeEgJXSIXRlmtyGFs,2,1,GEN,GEN,2019-05-29,1,1
EkOhvMTOmYLCpsCDsVHF,6,2,RAI,RAI,2007-09-10,1,0
eYSJOniJlDUNqyXzwhmm,1,3,MPR,MPR,2001-08-13,0,1
FfYQYMmeBoDzDoaroITh,7,2,REU,REU,2020-01-15,1,1
pLTgNrXWxhBnRMydCmoy,2,3,USO,USO,1993-12-18,0,1
xybaibfzppkCzilXfXOH,1,2,HEL,HEL,2008-06-03,1,0
VxiDGEiwsCVQKDtfgXop,3,1,MPR,MPR,2021-11-13,1,0
LFtUAOWrdEhvfRhDsAok,2,1,FAC,FAC,2005-12-17,0,0
NZiyWzmovJdetPhVZWse,999,3,REU,REU,2000-05-29,1,0
AZCsYzFOBjidivJYNVOy,4,3,CPL,CPL,2002-08-12,1,0
gbGrFqhLFQWhOYTYyFxF,8,1,CTO,CTO,2018-05-24,0,0
mZCZwiDMPJRsQvQwEDwf,8,3,DIG,DIG,2002-03-15,1,1
VWMbFIVceqnlyEiWYmRo,1,1,UTX,UTX,1994-06-01,0,0
OVYRASQEBhkgGnnleUbW,1,1,INF,INF,2020-09-06,1,0
vGLfGecnnDivobJLmYUM,3,2,CMF,CMF,2006-01-24,1,0
iOoDzZDwTZXQFDquHaxx,7,1,MIP,MIP,2013-08-24,0,1
llXYbjBnyzSyQBloYLcS,4,1,DIG,DIG,2014-11-24,1,0
mBoBJnUnWucpTiWgYChb,3,1,HEL,HEL,2015-11-05,1,1
kEmQTsPvomznFdWdeokP,999,3,INF,INF,2005-12-08,0,1
DBJMNNbLYRtmltRYdOqd,999,1,HEM,HEM,2018-07-28,0,1
fAaVWQKIWIqFIdbhbcMQ,3,2,APA,APA,2020-12-30,1,0
nFaxjnLbGqRYhtsbefQQ,4,3,END,END,2022-02-26,0,0
eeWnIaPNDiDDctwNvGua,3,1,DIE,DIE,2022-10-30,1,0
hSeDyDwMLZnxqeSKzcKA,8,2,UDO,UDO,2012-04-23,0,0
RLsJVjFIUGUHTjmqanPJ,8,3,CIR,CIR,1998-06-17,0,0
xwcPIPPGfKcJufXaNkYI,6,2,INF,INF,2022-12-25,0,0
ZIdvPHYPsuOisDhjqylf,1,3,EST,EST,2000-11-19,1,1
LDiwJxfVpNHhDKXRUOQd,3,2,URG,URG,2003-05-13,1,0
sdShQdrQHrslgsmWAXCu,3,3,MIP,MIP,2008-05-02,1,0
woBXZlOxmpaZJzVCtcXX,6,2,MIN,MIN,2009-09-17,1,0
MPJRECpRtOYNsybXVLiH,5,1,REH,REH,1995-04-15,1,0
kUlTsEGeJqRhBuXpyfHU,7,3,LIT,LIT,1994-01-31,0,1
LoQoLIyleBUHfBpCMEwU,5,2,PED,PED,2019-12-14,0,0
GdMREMChozvuHXwsnGax,2,1,MPR,MPR,2016-07-06,0,1
BXWaBfFKinksEuQSdfau,1,1,MIV,MIV,2003-04-04,0,1
IXYnhHfWmSNhhEjXqDEA,7,3,NRL,NRL,1996-01-05,0,1
kReXwbYJbGVLJdfweZSs,5,2,UCR,UCR,2010-11-11,1,0
EcTZBwNKSIuffMFeGUxP,6,1,UCR,UCR,2004-06-17,1,0
jvSqwLjPhXqKyWfDIJFZ,999,3,MIN,MIN,1999-06-05,0,0
CdygXHVFguAhnUeBIbMy,2,3,CMF,CMF,1994-12-01,0,0
osMAZvdSHGFhKOqAsVAS,4,2,PED,PED,2004-08-14,0,1
BMfgVbbidJagPNbtoNYl,3,2,NML,NML,2019-04-01,0,0
bXAFojVFRbPDkupTKsNv,7,1,REH,REH,2002-01-16,0,0
GJgYsEJceuTVsWHRqxjx,5,2,NRL,NRL,1997-07-13,0,1
wokmeOQTgshgFQyMGRGU,8,2,MIR,MIR,2009-08-08,1,0
PyejLWwRHaGUaXUGElQT,1,1,CMF,CMF,1998-08-03,0,0
EbYvtpSciZPtGWUPZYwm,8,1,NFC,NFC,2017-10-22,0,0
suxuqkfnkfpQGJdNzCSX,999,2,UCE,UCE,2021-02-15,1,1
uvCrrxZfiWxtbnivdzoG,3,3,APA,APA,2007-07-06,1,1
bJwqivhwxrnCAvhRaBrh,1,1,CCI,CCI,2022-10-24,0,0
rwKsDCBwFkpnEgtXhDsF,4,3,NRC,NRC,2018-05-08,0,0
lTcEfNtLBXIOyGJDnWOU,4,1,URO,URO,2011-07-28,1,0
XPJzVHceBeBoktoHgmnU,4,2,CMF,CMF,2021-08-09,1,0
xhkYYkCXNuByNnVoBQZq,4,2,INM,INM,2015-10-15,1,0
iwEniHqqFjXMOfXyptyX,6,2,MIP,MIP,2005-11-24,0,1
OKQkknwOxvPwwWGYmTqc,1,1,TRA,TRA,1994-12-31,1,0
YHXPQoPdrTvNSikKgmzU,8,2,ACV,ACV,2019-12-07,0,1
bZVAhPFeGgohiYCNANFK,3,1,UCE,UCE,2012-02-12,0,1
bFBAUdlqJFNKSpATsYWE,1,1,ADM,ADM,2004-06-07,0,1
xtJJDJyqCsnnAzZVqvkC,1,3,HEL,HEL,1998-10-12,1,1
trKlmzXzgqxeENbluKSe,999,3,DCL,DCL,2009-12-13,1,1
ktXHntKosiolZQVnmELV,999,2,BCS,BCS,2008-04-09,0,0
RkDkXVvCouWufwXWMsqE,6,2,ORL,ORL,2021-07-29,1,0
hfqKqvExUIHuCxCDhSci,4,1,ORL,ORL,1997-10-11,1,1
bRfpWYHkzRgDgIlkptQe,6,2,MNU,MNU,2008-06-10,1,1
bfEFrWFloSHOQdHkJpGM,2,1,UCP,UCP,2011-12-04,0,1
DUxYilFjBqcxsVKWnPeR,6,3,LAB,LAB,1996-04-18,1,1
jgoWsyihNzAPINhrSecz,1,2,ANR,ANR,2007-07-31,1,0
gbCnPxMlFGHXupzCLunU,4,3,UCR,UCR,2000-07-25,0,0
nppQHWKrFwmbFBHonklA,7,1,CMF,CMF,1995-09-26,0,0
JnDynralswDoxvoAqDhq,4,2,DCL,DCL,2010-03-11,0,1
EEcWhJuUwKZvJNnIlRNj,1,2,UCP,UCP,2012-12-31,1,0
IYlDJIMlgXRYlGYZOIFs,4,3,HEM,HEM,1997-09-11,0,1
knxWvTEHwZPFKbPLkgPs,7,3,END,END,2006-11-28,1,1
sLmxwioMMYdxYjnVvpHH,999,2,GRT,GRT,2023-01-16,0,1
efIhgxvdmKPvnXIJHyhk,6,1,APA,APA,2019-07-13,0,0
zqyOVdrLFoDMiRmPoxAY,1,1,GEN,GEN,2015-02-26,0,0
rmpGHPPTcEFatEHoTAMW,8,3,CMF,CMF,2000-10-11,0,1
DjfvGhFQVtXlbpZwyedc,4,1,HEM,HEM,1995-07-19,1,1
sbiKhsjixxQkFmAHixEb,1,3,RAI,RAI,2004-10-24,1,0
NZUKlwguFSPJzhugetMl,4,3,CAR,CAR,2017-11-05,0,0
GYqtjGJTeGtwaTNpOIEE,7,1,REU,REU,1999-01-04,0,1
byIdtIUDvkMnFuiOHgXe,6,1,UTR,UTR,2006-02-22,0,1
JQuCtyXRkDvaHgMvFQeY,5,1,MNU,MNU,2013-12-27,1,0
vwKuomMwfadHMGVCkUQH,6,2,CTO,CTO,2000-06-30,0,0
PMMmiJzLlPJMboKqknoG,4,2,APA,APA,2008-10-30,0,1
MVSOZmpiabLHSXOIDJLx,2,3,CCI,CCI,2012-10-19,1,0
sIxgfXkPCGHKQIxaTCWg,3,3,REU,REU,2018-07-04,0,0
yOSvVIucgizRIyDdkqwE,4,2,CTO,CTO,2013-08-07,1,0
jllYxvwWuPdfgMOeDLJJ,999,3,REH,REH,2001-05-28,0,1
HCByFeniGBmpLaYaGune,999,1,UTR,UTR,2009-09-06,1,1
zLCfqTCMywhWIbbcUdLW,3,2,FAC,FAC,1995-03-24,1,0
wrqeUXWbYllrCmnvOfXx,7,2,CTO,CTO,1995-09-09,1,1
IUZYuwnhxTcOMlrLWVhu,7,1,NRL,NRL,1998-08-01,1,0
gsceLcKUXKbvDKYaSLJe,2,3,DCL,DCL,2001-10-03,0,0
wNIzlanULZfvMioTkgvw,4,3,UDO,UDO,1999-10-08,0,1
ATjDdfxmAFYZZpFPaIiV,2,1,CMF,CMF,2004-05-05,0,0
bLZkpqVwunDrAoDxuTgK,7,2,OTR,OTR,2000-12-08,1,1
CnWljuXeDiTLEvCNdUjN,1,1,CTO,CTO,2007-04-11,0,0
ZAhdEMSJQBhVPvmqgTyB,4,2,ALG,ALG,2009-11-12,1,0
rQmJvrPnuQYRgKUQPRcl,3,1,MNU,MNU,2013-03-25,0,1
ksmTewzmmRqKUgntNKKI,6,3,PSQ,PSQ,2005-07-05,0,0
aqmHuyepcvccWbGhgmYv,1,1,CTO,CTO,2004-04-08,0,0
nZOZsxMshvMLkhFyUBwh,7,3,NEO,NEO,2001-04-17,1,1
YdrKzgZkNgkQBnLzslsj,5,1,NEF,NEF,1996-12-01,0,0
JgkbACrdDHFGankUiCnS,7,2,HEL,HEL,1994-06-13,1,0
drBWDwGsaohXrPTQWinn,1,3,ORL,ORL,2019-07-15,1,1
jgAdjhTyDSQHZrcgibvq,8,3,ALG,ALG,2013-03-05,0,1
WvwMisTcXRKLfpEzLjcY,1,3,URH,URH,2015-12-09,1,1
neGkTqraaaHHAZdVxCCe,4,3,UCR,UCR,2018-06-19,1,1
vRgWtCvYMBtHpVdSXLPo,2,2,MPR,MPR,2021-08-20,1,0
judofXPFqjzwXNvTzZgZ,4,3,INM,INM,2006-06-15,1,1
uVjCVSuaFplgzxRVPUgY,7,1,ONC,ONC,2001-06-29,1,0
TnFOEsCleLrSOkkFEPIM,7,3,NEO,NEO,2019-01-13,0,0
GYeEUBeAFVwhpfaHroQK,999,3,LIT,LIT,2001-04-25,1,0
XXbCpDONpcfWgXqQrCmp,6,1,NML,NML,2017-07-09,1,0
wzhajFgBeaZjCOTIWPZs,1,2,MIN,MIN,2018-11-09,1,1
NJMEmKCrEUIpjVbNRHiJ,999,2,ULE,ULE,2023-04-07,1,1
pCOswhFSpAYbCYMLnxGp,7,2,OBG,OBG,2004-07-18,0,1
wlRsiNEPfBPZbwBZFKmv,4,2,EST,EST,2011-12-30,0,0
QACyLrWnsjpJkulDPRgB,5,1,RDT,RDT,2020-02-29,0,0
bfBDhZwyFPYYJNnkgPpV,7,3,INF,INF,2014-11-25,1,0
raEjAMrmVRWqYjoGbPTj,4,1,LAB,LAB,2008-05-14,0,0
GrCVgcFmpPcnwAWkJwPU,2,2,ORL,ORL,2001-07-22,1,1
NvNLxbUUBgWFSJUKZHNP,6,3,NML,NML,2007-06-25,0,1
uoKDDcFrMRZKEmcvNWgQ,6,1,CAR,CAR,2004-10-28,0,0
ckUtiDFSxLxOFCbTywku,2,1,TRA,TRA,1994-03-06,1,1
dWWZTWlmxDueOrJcqADb,4,2,URG,URG,1998-04-09,1,0
WAOLVUUnVEnvdoycfGiq,5,1,LAB,LAB,2011-11-29,1,0
DwZjGWuaRIClzkNSsOWg,7,1,NRL,NRL,2022-08-19,0,1
OhfJUpOJOdlKXPgGaZlq,8,3,GRT,GRT,2020-09-26,1,0
QjqRCTIZPpUOnKyxXnXJ,1,3,CCA,CCA,1996-05-24,0,0
GrSskVNPwPDEsYsqabNf,2,2,UTX,UTX,1994-11-29,0,0
TVIdpquxyOJPtMytNrDA,8,1,ALG,ALG,2021-02-27,0,0
QrpicBXLQxomlVtPiqMr,4,2,UHD,UHD,2023-01-19,1,1
SwUKGPckTbaCzoGnJkZJ,2,3,MIV,MIV,2006-10-02,0,0
hYqgiailEkXKbytfCSdX,1,3,CCA,CCA,2019-12-29,0,1
kjlQVVUEgPHHOJnJzflm,999,3,OTR,OTR,2019-03-20,1,1
pwsKiunWddwsnwptEgeW,8,2,MPR,MPR,1994-10-10,1,0
xodRNXVPiIMWusJTDTQN,999,3,CPE,CPE,2000-04-06,1,0
mdNrKWrGYlFwoPNOjIzV,7,3,MIR,MIR,2012-10-23,1,0
UYCnZLtWVxPobyVqKmJM,2,2,BCS,BCS,2017-10-02,1,1
emabqwROCwbTsqguloWf,8,2,APA,APA,1998-01-12,0,1
IXvvBRmnEGrQwYIBSRiA,2,3,INM,INM,2004-04-17,0,0
LMojCpTacAHdRRlAzDqy,4,3,CIR,CIR,2014-01-06,1,1
QIsVzjcKZuWFyekmTpJm,8,2,CCA,CCA,2021-12-26,1,0
uqVZgGCfdoEQpfiBHXSa,5,1,HEM,HEM,2003-04-06,1,0
fwNRFhYvkcxiWIekakyd,4,1,DER,DER,1994-07-11,0,1
XeCKadlyCVSGrDkllkJa,5,1,ACV,ACV,2016-09-16,1,1
UglKoWPjGdxCGlqKAxRu,5,2,ANR,ANR,2018-06-10,1,1
goLzrYWPlPrOWVeDjcOk,3,2,DCL,DCL,2005-09-08,1,1
VHQwvgGLZMybfPGBZovg,5,3,GRT,GRT,2016-08-05,0,0
SWtQlIUAxssDypYfjKev,3,3,GRT,GRT,2007-04-21,1,0
oArlJaygTILnWyEpAAeg,1,2,FAR,FAR,1996-03-17,0,1
fOGfJvZMuHkhmfqlxDFh,6,2,PED,PED,2022-12-27,1,1
AYWtclKdImNnssflTwuZ,6,3,LIT,LIT,2017-01-08,0,1
rKXKghEBOrcyodWKqzEm,6,2,OBG,OBG,2016-09-25,0,1
REhyPUtUjhNRMdWBmIeV,4,2,REU,REU,1994-01-11,1,1
AqsMRDKMknSVPzkcVueE,3,2,FAC,FAC,2021-11-01,0,0
cyklnWVXhtUkspXCErIQ,6,3,UCP,UCP,2014-11-23,1,0
SFyiYOlRQmlPFcBoVVJG,7,2,OTR,OTR,2003-05-14,1,0
DiANJyRZLDdFvwKuJIGI,5,1,URG,URG,2019-02-14,1,0
KNmycPsLkpMUFPazBOZh,1,1,GEN,GEN,1995-03-11,1,0
QAfGbvxpVgdqXOhcKilQ,5,3,MIR,MIR,2013-02-01,1,1
KXoIziIRPmRQTUVlicuu,7,2,INF,INF,2014-11-28,1,1
KSOgCNxXWCRXaQsnJHcd,999,1,PED,PED,2018-08-10,0,0
CjiuStRjGfXPaEEFFhXc,4,1,OTR,OTR,2008-05-17,1,0
MvlqmkmABmcJvpzokgCU,1,1,ULM,ULM,2000-06-21,1,0
TRjmNQYtWRxYXoDWGrbC,6,1,CIR,CIR,2002-03-13,1,0
ZNqyZUYnpFigXKjhqhos,3,3,FAR,FAR,2013-07-21,1,0
RBPRtxRWufhDhRHBbEYA,6,1,URG,URG,2016-04-12,1,0
RwiRGmnpuEGHvfHnlpQa,3,2,MIV,MIV,2019-11-04,0,0
MHbWulXYFFUmHNvooruD,4,3,USO,USO,2004-11-17,0,0
oAXvLLyEyHlTrNZEcEyw,4,2,OFT,OFT,1999-05-16,0,0
HeywrTYOEhTbPqLOHSGu,999,1,ALG,ALG,2017-03-14,0,0
nneNbQOfKyJrfboEiXKg,7,2,LIT,LIT,2005-03-14,1,1
AaAeQRYnAioPKPrRlPyz,2,3,BIO,BIO,2011-10-12,0,1
pKkilTTOYsiFdRHWssrB,1,3,CMF,CMF,2019-02-05,0,0
XKlzdcBxruucnwEBLtKT,7,1,ALG,ALG,2022-11-20,1,0
hAMWyTVPTngmGfGqgykO,8,1,MPR,MPR,2016-05-10,0,0
JvlNzmKVKvmPfbjrgdxA,5,2,FAC,FAC,2001-04-25,0,1
ROUaSQDDrRtbWeXFRnrE,999,1,EST,EST,2004-07-03,1,0
kpQiCcHeBAkhXtYURzoy,3,3,HEM,HEM,2022-02-16,0,1
ZWSdDjxscIREOerCdYTz,2,3,LAB,LAB,2015-09-10,1,0
MtUOWCwUtMnkFQGmhZTM,6,3,HEM,HEM,2015-12-06,0,1
yLcUHEEoUUKmTaxQXCbl,7,3,ADM,ADM,2010-03-31,1,0
WShxuTcYqIexVptjDVis,4,1,UTX,UTX,2001-10-19,1,1
xlXlgiGLRhxACFWJabHU,5,1,UCP,UCP,2003-10-22,0,0
rLyWBhHhWxPYQbcHgEeq,8,1,LAB,LAB,1996-11-22,1,1
QqlHPNhwsEjBncnsLhPt,2,2,URG,URG,2019-11-02,1,1
RAkEsOVrDtKsqEgoGCUe,3,1,ANR,ANR,2008-09-01,0,0
xrKEGYuSwTLkpAmKMuUJ,5,1,GEN,GEN,2005-09-13,1,1
kROWhhtdrQzloyElsmdr,5,3,URO,URO,1998-01-30,0,1
yuzYzYPAcXjlCJMutrpv,6,2,DIG,DIG,1999-07-10,1,0
imrNwDsoLNtNFNzjCInD,7,2,END,END,2019-10-31,0,0
aYAnDjBqLQHqfxgYuRmi,2,1,CMF,CMF,2019-08-28,1,1
GFPzoFMTLPhYwZvvFuNn,3,3,CPL,CPL,2016-11-23,1,0
fqKszMzwDbVuJcopGIOI,7,2,UCP,UCP,2001-08-17,1,0
mkJpDZAQuoNfdksjjkhn,4,3,LIT,LIT,2022-08-30,0,1
hXwHuEHEjhAfFKwYDTcP,2,3,PED,PED,1998-08-25,0,1
JoLAbxUWbLKjwcCuuaLG,3,1,TRA,TRA,2015-07-29,1,1
pLlwBCgZHOlOEitasjhs,1,2,NEO,NEO,1996-08-24,0,1
thfjJXEPzGIlPwfoyTDd,2,2,RAD,RAD,1997-05-14,1,0
ydpaBTFRNNToASaWviTA,2,3,HEM,HEM,2010-12-28,0,0
DqGPwqOtWyFUVQxETyKd,2,2,MIR,MIR,1997-09-18,1,0
VwxGtgItAIKsgrNejmeM,1,3,DIE,DIE,2013-01-16,0,0
QVPqzHZFCkpkSNEkdEef,6,3,PSQ,PSQ,2015-12-15,0,1
GmCPZLwysaSRVsZhXsmV,3,2,REU,REU,2016-12-08,1,0
qKXJfDTDLsWEGzRSDDyy,1,3,URH,URH,2015-09-28,1,1
WAOJBqMENwjdXMhpwcTh,4,1,END,END,2010-08-08,0,1
TxUhBdqiIOSvSqdLKaNq,1,3,UTR,UTR,2003-06-27,1,0
mwuGwhXOKvKoGGSmBjaE,1,3,OTR,OTR,2005-06-16,0,0
XUakfmzVrhgeDESSlxMz,999,1,REU,REU,2003-05-17,1,0
qvavHTjKKasJZwWuHexa,3,2,MPR,MPR,2018-02-28,0,1
nmzXqdhxcaYoTAGYQvDQ,6,1,URO,URO,2005-06-07,0,0
zQTKFQpCTigskQxGiGvk,999,1,URH,URH,1999-05-06,0,1
AnrYLItobvJVsEAbIZes,5,3,UTR,UTR,2007-11-14,1,0
TUCGeYsWSdwLXlWBeJet,3,3,INM,INM,2004-04-07,1,1
zyPPEOFiXjherxtFJuia,999,3,DIE,DIE,2005-03-27,1,0
NpWIAupfOEDmHrBzGGnu,7,1,OBG,OBG,2022-10-24,1,1
pNMREsQLeviwdjxgEWwZ,2,3,UHD,UHD,2003-03-03,1,0
hTmmaElxOEpquMDeIQzc,4,3,END,END,2018-02-17,1,1
AAeRTxdlpajhTVvWBSJu,3,2,ANR,ANR,2018-12-20,0,0
NFjQSQbIcMotAMQuJFZe,5,2,GEN,GEN,2018-07-24,1,0
TpzPFnqgrlBKUDSkdfuc,6,1,EST,EST,1996-06-15,1,1
ajAgoGkWvMdxtyvKFGyw,5,3,MIP,MIP,2015-11-19,0,1
XlwnTkVXzATUcFZhUbyC,1,1,ALG,ALG,2015-09-17,1,0
vVpZkQcohdVkNurXeEzw,5,1,NRL,NRL,1994-03-27,1,0
JvtFkOHWwCwLoxZKcTvl,5,1,DIE,DIE,1994-02-06,0,1
AMlHdGfMJeFoKqvYFfJO,999,2,MFC,MFC,1993-12-18,1,0
KjbDUrrOBlyZiBqGmBKl,4,1,LAB,LAB,1999-12-26,1,0
horqQbHRrrECARJkfngC,5,3,MIC,MIC,2016-04-30,1,0
FJJuIkGqncrWFdeHEJPP,8,2,DIG,DIG,2012-08-21,1,0
NrYLDJZDiUQVWSJedLFw,5,1,EST,EST,2012-06-30,0,1
oYPLhsqvTjPpuWPfqlXm,3,2,APA,APA,2012-10-07,0,1
paHyoOyGivniDpmOTjfX,6,1,OBG,OBG,2009-05-06,1,1
oTBiBISVhlcVwqUMBJcm,2,2,ONR,ONR,2002-07-04,0,1
uTVMIPXuqVJXVvmQARpu,6,3,ORL,ORL,2009-05-28,1,1
jEofPFfojfICbGKKAlMO,7,2,HEM,HEM,2019-12-23,0,1
hRdQFMOTHnFpiBuBXOEB,2,1,ULM,ULM,2011-12-13,0,0
zEAgHHfjMEZjkfMcEWTC,4,2,URH,URH,1994-06-04,0,1
PFVPlqdBMJkyhYyaCdJG,1,3,DIE,DIE,2021-06-13,0,0
zIzvKAEsDuOdkYlbpPLt,999,1,URG,URG,2019-08-01,0,1
hkiOZWIejapjmUTYpjYO,8,1,MFC,MFC,1994-11-21,0,1
LopQAwFerBjTqmwnYuUV,3,2,BCS,BCS,1996-10-12,1,0
AVgQgNOctUWKdnYGcaQw,5,1,CPL,CPL,2021-05-18,0,0
VhapoNfvsaSkEacztTFE,1,3,URO,URO,1999-07-19,0,1
BsPqabvlXqmnxVeVwhtr,6,3,INF,INF,2009-02-05,1,0
zmdmmycrJXejwwYzPjAE,3,3,BCS,BCS,2000-04-18,0,1
NCWTORttAflHzeCHRJgd,7,1,HEM,HEM,2000-10-25,0,1
SNhzMpGjGQTTibUnKoJN,2,3,ACL,ACL,2000-10-22,0,0
dgSGnDhIzOSYWGTWimqd,999,2,DER,DER,1996-10-11,1,0
OlyiajBiTMFyFARLqtdx,5,3,BIO,BIO,1995-12-29,1,0
cMADYFnXzIIEsuDOOcUW,999,3,UDO,UDO,2012-08-02,1,1
BOCioBwlnYlLvjmoPGuo,999,2,DCL,DCL,1998-04-10,0,0
mAdPXxVeGiUbVHhdsWqI,8,3,ONC,ONC,2010-03-02,0,0
ZVGERIBLbXusclbWAmRO,999,2,PSQ,PSQ,2002-10-24,0,1
NgBIHZxnddopuROSYtMl,999,2,CAR,CAR,2006-09-15,1,0
JeBWcBsCfwrBZOTwDkod,3,1,PED,PED,2004-09-22,0,0
bwPJpAbdNMWXMGgDCPmR,3,1,CAR,CAR,2022-10-04,1,0
qaCvQPdHqSfnSCVFZVbs,1,2,GRT,GRT,2016-08-21,0,0
QkJBOwFYjMGrKoFxibQs,2,2,MIC,MIC,2020-12-16,1,1
gogcVSLiUNkgnxMblyRD,999,3,ANR,ANR,2014-12-09,0,1
redLcsuqdRDXUqgTESxO,5,3,USO,USO,2010-03-29,1,1
GwpNzswDXCNzJBKBjYUm,8,1,ACV,ACV,2006-04-01,1,0
dGHRismgUkhWFRMKNdfN,4,3,NML,NML,2011-06-14,1,0
oKxtZcfHSDyOVvEFqTlB,6,3,MIR,MIR,2007-05-24,0,1
tvlNsTXdipjXRUcXuhbg,7,3,END,END,2010-10-25,0,1
sejpHkGEmCdPJLnDkSeG,7,2,MIP,MIP,2021-08-04,0,0
tBgufdpZEOrGkMacBUNC,7,1,UDO,UDO,2018-07-14,0,0
PyQbPUEHYpmzxXUhzgZj,5,1,MIC,MIC,2022-06-30,0,1
iXIJdbjoNFIcVRhXQxcr,3,2,UTX,UTX,2004-04-30,0,1
wtixAlzkuDXpTcjXUZLu,2,2,HEL,HEL,2023-04-04,0,0
CgbdbCTCgYCtgqfOqFks,2,2,BIO,BIO,2015-05-02,1,0
VWhyFrvfFvlkdktpIgZm,1,3,UCR,UCR,1995-07-30,0,0
rFQDSloxtqpyxqLdskKp,8,3,UDO,UDO,2001-12-07,1,0
JXGnyJtVIKlvFFgMetpg,2,3,PED,PED,2009-01-01,0,0
AGgHWImrGUwHenBFZbJz,5,3,USO,USO,2006-08-18,0,0
vBjSCBLwBWGfvkHzEldC,4,1,ACV,ACV,2005-11-16,1,1
mYEpTWzlpZNzWlNPDvcd,999,1,CMF,CMF,2020-11-16,0,1
DtRQfWRraqewVGSijvJF,2,1,RAD,RAD,2000-01-02,1,1
TvAQANqaZUjIwaOLtbjL,6,1,NRL,NRL,2017-08-23,1,0
naPyGLcVnmQmRAXsrioE,1,2,BCS,BCS,1996-01-07,0,1
gffgWDkpnkhoMmvtuYXC,7,1,URH,URH,2020-10-09,1,1
IXaUmjhovqugccnZPjKi,1,1,UCR,UCR,2001-09-27,1,0
sqkCIOKLoKNOAYuriLig,999,1,INF,INF,1996-02-13,0,0
UGEXDAzOXtwLCRyfifpf,2,3,BIO,BIO,2000-02-25,1,0
XsOEbyDunCbyPcqyJiLw,2,3,LIT,LIT,2002-10-12,0,1
vokfuizYmpbmsuciGsOj,1,2,INM,INM,1998-03-03,1,0
HVwDDDicRANRlXDhVleC,4,3,MIP,MIP,2006-08-23,1,0
HRapEzWPFJYtClbqOyhg,1,2,ORL,ORL,2007-04-08,1,0
RBKpTCJDVpAmVxQkmHIX,2,3,OBG,OBG,2005-03-18,0,1
OySqpaBmOqlGZQOmGnnk,999,2,ONR,ONR,1997-08-30,0,1
GcplwChoUDFZOucmUglV,8,3,HEL,HEL,2022-10-23,0,0
NHbAcRRRDjDhNhHFJmxP,7,1,UDO,UDO,2011-12-28,1,0
zmOUqbcSHSIRhbiuLNtf,1,3,ADM,ADM,2023-06-14,0,0
qxANtwdVTfaqkuOLrEiH,999,1,MPR,MPR,2000-03-23,0,0
PGYmEJnkOvdlaiOMhVLG,999,2,UDO,UDO,2018-08-27,0,0
nKAMpAjUsANRWGVgaZfU,5,1,ANR,ANR,2014-03-24,1,0
LQppMJzdveYmyTlOqHud,7,2,DIE,DIE,2014-03-07,0,1
zFDmoiYjGtGheXCOxgnn,5,2,INF,INF,2006-10-07,1,0
cKMBrWbswdTcTtYZkNoz,999,1,INM,INM,2022-07-28,0,1
jAYLesogEkiYCswzCfLV,7,3,CTO,CTO,2022-07-06,1,1
HvafGCBRahMfLXTkZrIG,1,3,DER,DER,2013-03-15,0,1
oXRaRMdBoXvXOoVxuReQ,1,1,MIP,MIP,2014-06-27,1,1
mPVXEBoelUQprPeCmyEv,7,2,HEL,HEL,1998-08-24,1,1
mHfldQmpeBEsbskNEwmP,999,2,REH,REH,2016-01-14,0,0
JshVdVDDQVygrskicYzj,6,2,EST,EST,2011-12-14,0,0
nuOWsitrACWkcOCWAqGh,999,1,NML,NML,2017-10-21,0,1
UpSvJnoeJVjpTQqmjXIv,5,3,MIC,MIC,1997-05-01,1,1
LFfexxxSdoSSzAqcztVp,1,3,TRA,TRA,2014-06-30,0,0
IHNsMMsaxEzsooUSvIyQ,3,3,USO,USO,1997-10-15,0,0
WWWYADPaXFQccrRxLzxJ,5,2,ACV,ACV,2010-03-06,0,0
MoBdVAamHWCokKsSGQLf,3,3,MIN,MIN,2005-04-09,1,1
lQMBMWNuObwznNFmFyzh,999,2,CIR,CIR,2010-09-02,0,1
GMquaDcYAUntUGDOpJvL,8,3,INM,INM,2009-05-09,1,0
zvPKNbNdsswfqEAEnMIr,4,2,MPR,MPR,1997-02-25,0,1
NYAwJGHeyfJzxepjiRTR,8,3,MIP,MIP,2018-03-11,0,1
bAfkqEQBnyktgUnyOUrM,999,3,ONC,ONC,1996-07-04,1,1
lWJACLkCGjYmiisPWFVd,7,1,MIR,MIR,2006-03-04,1,1
wkXIDgyOCBbvjzpJYrXX,999,1,ADM,ADM,2013-02-11,1,1
FySSMXuyaYCLmSXqpCbj,7,1,ONC,ONC,2013-01-27,1,1
aYbBoXrsJmPIBGWNrrCQ,8,3,HEM,HEM,1996-02-28,1,1
vimMLKgGmJEAsKUroEjb,999,2,APA,APA,2022-05-07,1,0
CnIWqIwSRxYGvamNLbWk,6,1,END,END,1999-10-28,0,0
rfJGmJtjfQDwWlMThmhi,3,2,USO,USO,1995-09-05,1,0
GDRxmXeGoDWdkXpnkTzO,5,3,LAB,LAB,2003-01-11,0,1
OGmqleVCJFslEanvDVwk,3,2,DCL,DCL,1997-04-26,1,0
ORqiCVqtCPlnQrUKilTU,5,3,NEF,NEF,2016-01-31,1,1
rdmdGmZgICNOTvvRqoLr,999,2,MIN,MIN,2004-05-27,1,1
QVvAEmZsCNSTJCKxiVEp,7,2,TRA,TRA,1999-03-21,0,0
RfeeNOFYaQZczqpulgiA,3,1,CPE,CPE,2011-12-02,1,1
nSjtocrRwxUpESvIKita,2,2,UHD,UHD,2008-02-18,0,0
gdqZKBHAfhttyHOmUqtZ,6,2,HEM,HEM,2017-06-01,0,1
yZaCoeLvRNLBVdWkLugi,7,2,PSQ,PSQ,1996-09-17,1,1
OICQBbJsAKKmlClqpwlL,8,3,NRC,NRC,2004-08-18,0,1
kvmADzJAPMFyORjVpYTc,6,1,NEO,NEO,2003-10-14,0,0
TmZyTIxSYyunEzxWPkOF,2,2,URH,URH,2010-02-16,0,1
liFccIBIGLOuCMQMBeXr,3,1,REU,REU,2019-10-14,0,0
nPhBgSpRsTDxVZoxYRfv,8,2,CTO,CTO,2001-06-25,1,1
YVjirCnnGkXTaFPYTtWk,8,1,CIR,CIR,2022-06-05,1,0
hwtGTLhoEgupFWYueBjI,7,1,NRC,NRC,2009-12-14,1,0
PkdFXjTMOctrabSXyPGw,8,3,CTO,CTO,1997-03-13,1,1
FEbuSDbEHRcXULilmdzR,1,2,NML,NML,2019-02-03,0,0
UmdxBZTkyapHPGexsljy,7,1,MIC,MIC,2013-05-14,1,0
WYWySEKDbxahAwOkriQX,4,3,ORL,ORL,2019-11-07,1,1
wJILwVWgNuDaxnqgpAYG,2,1,CCA,CCA,1994-02-08,1,1
BeuXGXslLSmfwjUynkLR,7,2,CCA,CCA,2017-11-06,0,1
xKMRxyBsoNZmBGugZkpe,8,1,NRL,NRL,1993-11-13,1,1
dGJAScRGdPbcTyXJTjNi,8,3,CAR,CAR,2000-07-02,1,0
kLVxvjJHnoWKlTORpeqB,1,3,INM,INM,2000-01-11,1,0
gfByhugmLCtYjsnUCgSh,999,3,DER,DER,1995-06-08,1,0
wKGgoSwFIUenENHoxuPy,999,3,HEL,HEL,1994-12-10,1,0
dQpsFSIyfnDOuDePaqoN,2,3,MIR,MIR,2021-10-14,0,0
GwVIvoUGCcJoyaEqxMhX,3,1,OBG,OBG,2017-12-12,0,1
bCmatDkTAHpEcJqudEac,8,2,EST,EST,2015-02-15,0,0
JiGRsStKAuEdEZVjWFxZ,999,1,GRT,GRT,2000-09-18,1,0
KDqWMlLTLIOiJDqTBuFc,7,3,DIE,DIE,2020-05-10,0,1
YGjpbiqwaKVjdaIpVLJx,6,3,ORL,ORL,2001-03-13,1,1
iRRvUqhPLCcYviisGcne,4,3,UDO,UDO,2016-08-02,0,1
jABJyjTbNayulvhiNDGs,2,3,MIV,MIV,1995-09-05,0,0
cOMxLyANtGiRTodzYIwX,3,2,RDT,RDT,2007-05-26,0,0
tlooRDCLAGqSdyhDaKxu,5,2,PED,PED,2018-04-02,1,1
CvIQSDeQNzqcsidVRFaY,4,1,ONR,ONR,2005-07-29,1,1
tOBbwcXdBPyEUmGjWzSi,1,2,CMF,CMF,2000-02-06,0,1
VYVauIVWmzJTKFHJYXew,5,3,EST,EST,2015-10-25,0,0
DBjFXKCMULPuOEXxlUxP,1,2,HEM,HEM,2000-07-11,1,0
aEcCwdSTjFfSHKKBWPlf,7,1,UHD,UHD,2008-09-07,0,1
wWUUobenYGLipGXmZSXr,999,2,OTR,OTR,2012-01-22,0,0
nQDNsZNOMgevmKnBIqmc,6,1,CTO,CTO,1994-09-26,0,1
BdeJgOCqragWRfUqNQOB,4,2,PSQ,PSQ,1997-09-29,0,1
qhpilXETOfUNUpFlCRUq,8,3,NEO,NEO,2022-12-10,1,0
UXlyYaFeLPVEGLVKYQFv,3,2,NFC,NFC,2011-09-03,1,0
OLdNcEccqiESdnNHyWAq,1,3,MIC,MIC,2021-10-13,1,1
wZzsURRFEqbwvGAGrYWg,5,3,DIG,DIG,1998-08-02,0,0
FXnPcHbzYfVoMTyjbZFl,4,1,USO,USO,1995-12-27,1,0
bzewkBlRatmovRXyqism,4,2,MFC,MFC,2008-07-15,0,0
kbhwGPvnXqZvNlgmGzFC,1,3,REH,REH,2017-06-15,1,0
VbpBeyFdATQZwBzHmpFV,5,2,ULE,ULE,2020-05-23,0,1
PzbUUMbybUHLrNxHQcYr,999,3,DCL,DCL,1994-03-22,0,1
fdYFSxVLMNFcqSUnuzQx,3,2,UTR,UTR,1996-07-27,0,1
xHhgjYUjlYuleWwlnXTs,3,3,ORL,ORL,2014-09-29,1,0
AgXDZMzJEWeyGYXiimET,8,2,CMF,CMF,2016-09-20,1,1
ORfGTwuBbrdFCnSkyBrt,2,3,NFC,NFC,2009-01-10,0,1
ypbMtEMixGvrXsolGpcI,1,3,CIR,CIR,2019-09-17,1,1
VaKzPwkvShIPtAsddLWh,6,3,HEM,HEM,2022-04-11,0,1
BINwRSBbGSQbDnMxoPRz,2,3,UHD,UHD,2013-03-27,1,0
raWoIfWghNEgiURlgwMm,1,3,CAR,CAR,2020-09-05,0,1
iLktBzzsyELWUYghxJgy,3,3,USO,USO,2007-12-30,1,1
YmKKIhsjOXAuKkjOachQ,5,2,UCP,UCP,2003-09-30,1,0
WYhaNocWlXLcFdYTSeUY,2,3,EST,EST,2023-06-10,1,0
fTlxxWBmOyfOBKEtOpyq,5,3,END,END,2005-03-02,1,0
oAUfKcgMQkPxTVgGQjpu,7,1,TRA,TRA,2023-04-06,1,0
KRgWzXFYfTySPAjwiHWI,999,1,FAR,FAR,2001-12-10,0,0
BHEYpxQtuqhfnqeVeAiW,2,1,MIP,MIP,1997-12-05,1,0
KwaHUwibzMSgBdLrMTTL,1,1,ACV,ACV,2019-02-12,1,1
OwAXWnYKmfFzsQSxjATL,2,2,DCL,DCL,2012-10-03,1,0
xWPwGGQDBiBiCRtvzIha,2,2,CPE,CPE,1998-09-06,1,0
IiGQEeYfrNlriWdqCCon,5,1,ACL,ACL,2000-08-31,0,1
ipvVHmpdRLNLzUnnQBQZ,999,1,FAR,FAR,2019-11-11,1,0
KBEQWIfriWEDDCyLWJLt,6,3,URH,URH,2005-11-14,1,0
cZbmNrxFTMiwFpYMVkBc,5,3,LIT,LIT,1996-02-25,1,1
fYsAhpfZfpsfFLhqvDfy,8,1,MIV,MIV,1997-11-14,1,0
PplnwJUwIoTgMZaTduPC,3,3,UHD,UHD,2001-05-14,0,1
FPZdbgvBgVDXEnzxLLeF,7,2,CAR,CAR,2004-05-13,1,0
QcmMUfvOcobNkPsIRxuK,999,1,RAI,RAI,1999-09-22,1,0
rNymBjsqirYdThYpcaOY,7,2,NFC,NFC,2000-01-03,0,1
yflqwqTSpTjCAkOmXQkW,7,2,ONC,ONC,1998-01-25,1,1
keGLCExIMIGrEFJrqUbT,999,1,GRT,GRT,2019-08-22,0,0
cltEYeJUlVDrBmkoUlTl,8,3,ACL,ACL,2012-06-26,0,1
DssbKTdUSsJAwtGJJuMe,4,2,UCE,UCE,2009-01-10,1,0
TuWSWdJdRYTZLtBlYAFh,8,2,NRC,NRC,2008-12-18,1,0
EBFNXkSlivZlnqfMcbJz,6,1,MIC,MIC,2020-06-24,1,1
ogCLHhghKpegtAHkKfQl,999,2,RAI,RAI,2006-01-29,1,0
vCmtccqwUiANcewvjqGa,8,1,MNU,MNU,2019-09-18,1,1
yqkAeFaToRAAvMWaucGZ,8,3,UHD,UHD,2023-05-23,1,1
pwtTVancplmpfohKmtnD,999,1,DCL,DCL,2004-04-11,1,1
bJdNRwHvCJFCdjDzsWCk,2,2,MIP,MIP,2015-11-04,0,1
BhmVCYJPPYToDzuiUUIE,8,1,ANR,ANR,2023-01-18,1,1
PQZdAXTuqGypwSHcaQYw,4,3,REU,REU,2012-03-11,1,1
pNGdFCOfOcjwdhnvesNZ,4,1,ULE,ULE,2008-02-15,1,0
gTKOZCWIDagNEWECIump,2,2,NRC,NRC,2013-12-10,1,1
tHGXTrYKzPFVLidDCFgQ,8,1,BIO,BIO,2016-04-18,1,0
sgJBuJaOFRBKQxOEBznu,6,3,EST,EST,2001-05-29,1,1
JQhoYkPlxZXkJZVFnoyP,2,3,NML,NML,2011-05-17,0,1
xtLlVpYuhoLOjAGyYpsi,6,1,UDO,UDO,2018-12-16,1,0
vsDEDSjWeOlAIZljeeGk,2,2,MIV,MIV,2002-03-02,0,1
iZFBOPMTHtHWbdYbmBZG,7,2,BCS,BCS,1993-12-11,0,0
YHzhoBtRCGidVuWSoUSl,1,3,HEL,HEL,2014-05-02,1,0
VbnlQWEsyhfNcEKrAxVC,999,2,ONC,ONC,1999-12-24,0,1
QtjePtjbMdjCtIUTwSYt,2,1,CPL,CPL,2002-03-10,1,1
LfNDyzzuNviiGEdRQGbm,7,2,UCR,UCR,2012-07-12,0,1
wgpTZoNfSXCwKsHKlPYl,2,3,UTR,UTR,2019-10-27,1,0
xRYwIUqnpgTeAyFEdENi,7,2,UTX,UTX,1994-10-08,1,1
YqndwjZkiOFFfuUdUZwU,4,2,OTR,OTR,2000-07-25,0,0
ayvihCGwrKCFVVFJHGXF,6,1,APA,APA,2015-04-29,1,0
NHeYKptPZbuGsyHKdnjB,4,1,END,END,2008-09-21,0,0
aFDAIrHuBqAhmrFORCHS,1,1,EST,EST,2017-08-10,1,0
xJyDVqWuItXOpALEITPI,6,1,FAC,FAC,1997-12-21,1,0
JUBhnBMhmQSigFsqePdL,5,1,END,END,2001-07-15,1,0
AaDUHMNtQUzyPECaHIip,8,1,ONR,ONR,2012-02-25,0,0
pGPWTdbZdCHftMKpVkmv,2,1,NEF,NEF,2011-10-05,0,0
TDvfGJZCDZHgiGobJaYP,3,1,MIC,MIC,2011-06-18,1,0
uLmWAIwqNeKAkxOQwMFw,3,1,ULM,ULM,2023-04-09,0,0
crmstoBmGnmhHdgConec,7,2,MIR,MIR,2001-05-29,1,0
TbnhmbQtEqllASXUgqWO,4,3,RAI,RAI,1995-01-08,0,1
DcBuieADBepEhtwlEahD,4,2,DCL,DCL,2015-10-21,0,0
xiRSWfYtwPuEEULtnDQX,7,2,LIT,LIT,1995-04-15,0,1
WDcWiaxtNhHGPWfVzDhB,5,3,UDO,UDO,2008-06-01,1,0
HIJlwUtRRCizstGVFgXD,1,3,ORL,ORL,1995-08-03,1,1
LaZqdMVxiuFbSLBBAsXF,8,3,MIC,MIC,2010-09-25,1,1
rIaHQGeqzgrkxmwzjIPM,4,1,OTR,OTR,2008-03-02,1,0
jqMaMdyYPtiBxwDxYtol,7,1,DCL,DCL,2020-11-23,1,1
GbIdBUdxCWfCipBQaOnp,3,3,CMF,CMF,2002-09-11,0,1
JuiwSoSpDhTUdWzWMRed,3,3,DIG,DIG,2003-04-30,0,0
ooXfcCKidoCQmzGitSmh,6,1,MFC,MFC,2009-02-04,1,1
QcyHWSyGsiCzImXZSyHh,999,1,ACV,ACV,1996-09-10,1,1
CUqljknuhUbNISqsZIEZ,1,1,HEM,HEM,2017-01-22,0,0
MLaTFhNKnaGiDuKbmpFa,5,1,EST,EST,1998-12-01,0,1
DoChjVOChnAHVsoZRzyt,6,3,TRA,TRA,2012-01-13,1,1
zRqElSXraMWilpPlVOPj,5,1,ADM,ADM,1997-03-24,0,1
zgHsgMCQLsnsaYUIkBAm,999,2,CTO,CTO,1994-08-11,1,1
cGFIGVwsINmwtpDWqztp,4,2,ALG,ALG,2010-01-06,1,0
PSAgcjebnxqqjvSzJGMW,6,1,MNU,MNU,1994-08-14,1,1
VNCRFXLXnjkGMBsKwOud,4,2,UCP,UCP,2000-07-31,0,1
EmKEptueZLHASqWgPCqB,1,2,ONR,ONR,2011-01-17,0,1
pwoTmDIhyENiLOyjrXRB,3,1,HEL,HEL,1998-09-06,1,0
xpVPRCwmmDwWEPProXKH,1,3,UCR,UCR,2010-05-28,0,0
SzKiucfOZTMDUCwVQbib,999,3,UHD,UHD,2023-08-22,0,1
EHQYLNnVXUljaxqETKhJ,8,3,APA,APA,2007-04-14,1,0
BQDVxAfnvMikORcSCHwe,3,2,UTR,UTR,2004-04-16,0,1
NqamsiRpkYEFIcOAcmve,4,3,HEL,HEL,1995-03-30,1,0
fspEqIGQWRvBvbWsodKi,6,1,CAR,CAR,2009-06-30,0,1
aTaSruHfCbZwYzUMhZkW,6,1,NEO,NEO,2005-11-25,1,1
lAhnzzlGUjAaimAYqAQn,6,1,MIR,MIR,2016-03-14,1,0
tsAeHyieqqpBkYJAROOn,6,3,CIR,CIR,2003-12-24,1,0
OYqWZUWXWZsfKHujBeeu,5,1,MIP,MIP,2003-06-06,0,1
OWMcTQXsRLlUdSPZIttz,1,1,FAC,FAC,2019-08-23,0,1
SAzwYhVnaVyHMcwjNxfH,3,3,CPE,CPE,1998-04-18,0,0
niwlKdYMIOpclptZzfQA,4,1,MIP,MIP,1995-10-10,0,0
gdlLgRzjJkuHmpTTQxIl,5,2,INM,INM,1995-06-22,1,0
nGsrgeVKDpfGsTOEAoxo,3,2,NEO,NEO,2019-08-24,1,0
YJHpRXSUVjLzlvAbvMzZ,7,1,ALG,ALG,1994-01-15,1,0
zoKtLcRetEAgnULnkYUv,5,2,MFC,MFC,1995-08-07,1,1
MvSBlZoFsBZRvyslyRZa,2,1,ONR,ONR,2019-09-17,0,1
KBfgmaWqJCiUnkwOJiIS,7,2,URG,URG,2023-06-20,1,0
XDxNUnAfBtZBDCIyzEfj,4,3,MIR,MIR,2000-03-10,0,0
VBeHqeEwJDOdXFLaKfyL,7,3,RDT,RDT,2010-10-31,0,1
yTHukPoVzfPeIFlLGVsd,999,3,UDO,UDO,2000-01-21,1,0
cyFjsNoqMOYhogNpaXcg,1,3,ALG,ALG,2022-04-07,1,0
eSkGgWXbVMpurzyRVlrC,4,1,APA,APA,1998-01-29,1,1
nNBUfcESFJrSfMzoQZFZ,4,2,BIO,BIO,2010-06-28,1,1
rWuvjgWWyPeLZgzKpbBN,1,3,HEL,HEL,1998-12-17,1,0
lzDZDCyrCZyfdgvNPCgP,6,1,UTR,UTR,2017-11-06,0,0
KatnhqypWnpSqdXEHEnd,2,2,APA,APA,2002-01-06,1,0
ikyNSaLuzllmRPOPKUJx,8,2,ONC,ONC,2005-04-20,0,0
MABmtEFBGvBfXGePfakj,8,2,UTX,UTX,2009-02-21,0,0
iVOsWsghLyblUbjjVoNL,7,3,LIT,LIT,2017-07-24,0,0
QziXfYiBxkNuXbTnmilf,3,2,REU,REU,2008-01-25,0,0
uDypOmuQXzRQQCxFFjPV,8,3,CMF,CMF,2002-03-01,0,0
lmxJegZYRicKMSyDnHeL,7,2,NFC,NFC,2023-08-15,1,0
MoNWpnQgcSyhtzkYHylj,2,2,MIN,MIN,2018-11-26,1,0
wTxgNpQqeIUoUzeZdzbr,7,3,TRA,TRA,2010-10-23,0,1
HxgiURdqOWHqDWhzePcJ,5,1,EST,EST,1997-03-09,0,0
RtAoPXagRRByqJBubnZK,3,3,MIV,MIV,2010-11-12,0,0
UWBsynaWhFiWVtGtktLJ,7,2,ADM,ADM,2021-04-04,0,1
obEeLosZikCOsbUxuZic,5,1,HEL,HEL,2008-09-24,0,1
rvOijqKLNEJvMFJxcYlW,6,2,UCP,UCP,2009-11-28,1,0
SphhqEtVYhaRWiWGKrMG,1,2,ANR,ANR,2021-11-18,1,1
UnRmDPfdCxLqnRHunIJl,2,3,REU,REU,1999-11-26,0,0
NyIrHPSQciSswJvxBExp,8,3,TRA,TRA,2002-08-16,1,0
QvBZjEemnbvZIpTnoUOp,7,2,BCS,BCS,2017-12-24,1,0
QEGApShrzAkEOjfOmPDQ,5,3,ADM,ADM,2001-04-04,1,0
yLqePndOlPgcOlyrQfuu,7,2,REH,REH,2017-10-20,1,0
uefJOseBmZCRbTistTOg,4,3,BCS,BCS,2018-03-18,1,0
wbkkygOMnDVokGOWWskm,4,1,REH,REH,2000-09-15,1,0
wSKfDELryjvJJDcGhcOJ,6,1,URH,URH,2008-08-09,1,1
QaDlPYKVBcTwPXRnfQRe,4,2,HEL,HEL,2018-05-30,1,0
dPEYTthkKaAWJQVSHJlb,5,2,USO,USO,2017-08-08,0,0
iXqliMXCDygWRwrLlmQo,5,1,ACV,ACV,2005-06-18,0,0
qwlUFpjTEcVJrvzxWYEp,2,1,NRC,NRC,2009-05-11,1,1
vcgcSPhcEWxgYrjvvdWd,4,1,GEN,GEN,1995-09-12,0,0
nndCdxLuLcgllZrwAjIV,6,3,MIR,MIR,2005-05-06,0,0
jweykbdRwEpTFTrsYBFU,7,1,UCE,UCE,2007-02-25,1,1
ZqvjqPHIcdApeeoIJetr,2,3,NRL,NRL,2003-08-01,0,1
DIPWXTGdPAALFGJXpNRU,8,3,UTR,UTR,2021-05-22,1,1
UxmOAyqLjeZxRIfRksZC,5,3,MIV,MIV,2023-07-27,0,1
ZHmQiKmpJqJCpqHAhWnh,7,1,FAR,FAR,1999-09-12,1,0
WwbhVaTJhcbYTXYGrqvW,3,2,MFC,MFC,2011-07-01,0,0
LLnOmETaVJmxgcEJwjQS,1,2,CPE,CPE,2012-02-23,0,1
VWGpbTOSQbnGEplECWOc,999,1,URO,URO,2016-06-30,1,1
QInEnZuHigNOABVPvudG,5,2,UTR,UTR,2022-09-05,1,0
JdvqOyPlUWiDuThDHMmO,4,2,PSQ,PSQ,2015-06-05,1,0
uHQOQtrZtcWqYRQqOayI,8,3,CCI,CCI,2020-01-16,0,1
QOzCMNBaONzousWSOgFS,2,3,CTO,CTO,2015-01-11,0,1
vlSThqZsMjdnfMKrZAEF,3,1,CPL,CPL,1997-08-16,0,1
MjfAQovdBMLrbpABHmiN,3,2,OBG,OBG,2016-01-14,0,0
kQjhBKLLtGwKXWmAMigf,7,1,LAB,LAB,2016-03-10,0,0
zDixySwgXYGEwxXGjkMq,4,2,GEN,GEN,2019-12-25,0,1
PgPGCpYmLKnGwwiJRSEZ,1,2,CAR,CAR,2015-12-24,0,1
eGWKStAWYrWVIKOOymcY,3,3,OTR,OTR,2015-11-27,0,0
dILboeWoCUdutqddynXo,8,3,NRC,NRC,1998-01-20,1,0
eQDSFTbtypatDCYlXxhL,6,2,CTO,CTO,2007-10-08,0,1
cTuiUEiQlRiPcYosbagm,8,2,OFT,OFT,2012-03-12,1,0
aqRiDERkKuOrSALLrbbk,2,3,UCE,UCE,2015-12-23,1,1
IOoZryZMtdaODyNVmakR,999,1,BCS,BCS,2020-08-20,0,1
OAxpPDxmGtdioqJyJirh,999,1,PSQ,PSQ,2013-09-08,0,0
cnyjROYRYiXRFxePNpIM,6,3,CTO,CTO,2012-02-28,0,1
zWFeheLQPrvOkJedOvEZ,7,3,DIE,DIE,2001-06-11,1,0
pDOcOunSFPXOlPlbwITu,2,3,TRA,TRA,2008-08-27,1,1
FJnxYJkbCePoVsZJiPHV,8,1,USO,USO,2004-12-06,1,0
kwmuxvUsxdrolZkMhMNN,6,3,INM,INM,1995-12-31,0,0
LgfCLkgzsVUMbGvsUdVU,5,3,UCE,UCE,1999-09-26,0,1
mFXACkOmhyQJRpauqASc,8,2,ADM,ADM,2022-10-26,1,1
MKjjLdGcflvTdCxWgLot,1,2,MIV,MIV,2010-02-21,0,0
tgZiyfoizCjrcEaIICKQ,1,1,OBG,OBG,2009-02-03,1,0
XTdiLBJPaSOuAsPCONCN,3,2,NML,NML,1999-01-12,0,0
EeRHUPaMsLxlBpuxKTDr,4,1,APA,APA,1996-08-08,0,1
DkNLIYQEweCzFXfDfWqB,3,1,FAC,FAC,2001-08-25,1,1
wcFoRQMbIgeFqqZfAyMw,4,2,UTR,UTR,2003-12-18,0,1
dyOxvhbGzFzKoPGKBMTt,7,3,NEO,NEO,2004-12-25,0,1
LGyMljHeWOtHNKHHcRRB,6,2,CMF,CMF,1994-03-03,0,1
dNQRbENUuWAWILSsLVIB,6,2,BIO,BIO,2017-11-14,0,0
SflkBjrCtQkhQAQoBypf,6,1,CIR,CIR,2019-07-08,0,0
VMuriBVtPIYMSzJGcHer,2,1,ANR,ANR,2015-04-07,0,1
TkqfNKDhCwnCdCXbBzio,4,2,CTO,CTO,2002-06-02,0,1
ALCxtNnIyCWIOJWZHcTx,8,1,PSQ,PSQ,2009-10-30,1,0
akpEpZifFwGojtyenHou,7,2,ANR,ANR,2008-10-07,1,0
cxFZCFryrBxMCzwyVIsF,4,1,ACV,ACV,2016-01-23,1,1
mpVBffNNnBeEfIBHaNbS,1,2,CAR,CAR,2013-01-17,0,1
skPqAThrelPwEBOdNCEi,1,2,ACL,ACL,2015-09-24,0,0
hmupkshiyVgnZXKEmYYP,8,1,OFT,OFT,2003-07-07,0,1
hCSCLPtxWkofkcLcqlxZ,999,3,OFT,OFT,1994-05-06,0,0
eovKdGWGVaDypxyhpyuy,1,1,DCL,DCL,2020-04-18,1,1
seNSmQkAJOQKtSMsNwSw,8,2,DER,DER,2015-01-22,0,1
aNiAdRsiIvywMzEyFWEw,2,2,OFT,OFT,2019-12-29,1,0
SMmNTcKhbrStNcCexhvq,2,1,CIR,CIR,2004-10-29,0,1
QauGvkjpskKvkjxuSKqX,3,1,RAI,RAI,2002-06-11,0,0
yXFFGwUKaEeqlSVMOKif,8,1,UTR,UTR,1996-06-27,0,0
hqtRLzYVkSGHCvybSiPE,1,2,MIR,MIR,2011-03-13,1,1
DEJpVubkPCCLHxWbymqI,8,3,OBG,OBG,2014-05-23,0,1
KRdcCMlTgAZlAPHhQTFz,8,1,URG,URG,1998-01-09,0,0
aoWwhrQWlgZsnxMZbEPW,999,3,ONC,ONC,2010-03-30,1,1
uzBbbymBiwmxoIgtRDPj,999,3,CMF,CMF,2021-08-10,0,0
fgcaWqrNNAEIESCKgXSr,3,3,ACL,ACL,2011-06-18,0,0
YcxpYeTxVmVtgHwHlCZQ,4,1,NML,NML,1997-11-15,0,0
NqFirGbiwPUUZkyymeel,1,3,CAR,CAR,2016-12-08,0,0
tNjPCoaTjFHLzYbIsJNR,3,2,REU,REU,2001-11-19,1,0
ncTHNxfQgnNkHCBUaxjK,999,1,ACL,ACL,2018-07-16,0,0
ljSNXRkxdTEeDiflqRRX,6,3,OTR,OTR,1996-06-23,0,1
syZwmehohOlPkZCDisoj,3,3,GRT,GRT,2018-01-19,0,0
AgAMVaepZMdgcKnjVrzS,7,3,MIN,MIN,1995-04-16,1,0
paemrIqRyeEOigHwdkcB,4,1,NRL,NRL,2012-11-08,1,0
CXgrLPeArTpiiberqbYO,3,3,NRC,NRC,2017-10-23,0,1
DkTvTnTQNCbvaqqMgISc,1,2,REU,REU,2020-07-09,0,0
ZrVxnWqLZOGTpyknVVDW,6,3,DER,DER,2008-02-14,1,0
yopqkWvtTAVnhefYjooe,6,1,GRT,GRT,1993-10-07,0,1
DVgQnHczMlhkQRngMamz,8,3,ONC,ONC,2006-07-26,1,1
LrHkTdIjJbREJbJQjhqz,999,2,ULE,ULE,1998-10-27,1,0
pPJFnEGDGWXGSgGwDsgU,2,1,USO,USO,2000-03-19,0,0
TxbKlYdCUlhYMjsYTpLq,8,3,MIP,MIP,2007-02-18,0,0
eoTIqZnhOypyJhBkzRor,6,3,ACL,ACL,2010-05-17,1,1
pXhJZWhBPSPybprLDZeu,7,3,CCI,CCI,2018-01-29,1,0
HQOPRVWFvTIzUTicsXcE,999,2,CPL,CPL,2017-12-11,0,0
qIUtJKAGlPBxzlbDCyVP,5,3,RAD,RAD,1996-10-28,0,0
iomharqPkiNGlBoKubbD,1,2,RDT,RDT,1997-04-26,1,1
zIYsodqwgSlfjVEHoSgX,5,3,NRC,NRC,2006-05-04,1,1
CTpgntUApLaLbdWdEjTE,8,3,MIR,MIR,1997-06-15,1,1
wMzUbytuhUgOsdDZNnxg,6,2,CTO,CTO,2014-08-13,0,0
puQujFwiOszyYqgDnCwB,8,3,URO,URO,2006-01-10,0,0
EBShkIIMOMhLQOpKYJfm,999,2,ONR,ONR,1999-04-13,0,1
ZMJIphEaYMujjfkHVwxZ,7,2,RDT,RDT,1998-10-03,0,1
jBTOISidjzHEafxoqQjy,4,1,NRC,NRC,2005-11-20,1,1
RVbHReRPxLCQzWYEokPu,999,3,ONR,ONR,2023-06-11,0,0
qxcGeabymEtFJnaSgChS,7,2,OBG,OBG,2020-08-27,0,0
MBnJgxpbzcOyPMshKQju,5,2,PED,PED,2022-12-15,1,1
ZBiASIuwEPcnefLRVzhp,7,3,UCR,UCR,2019-04-09,0,0
kXACeVBEdBIwKweYLWZn,7,3,ACV,ACV,2014-06-01,0,0
RCpZcuNqGwymlPqOerhh,4,2,ULM,ULM,2023-06-07,1,0
HmYuXTEBOqfblOMBBnVl,2,3,RDT,RDT,2019-10-05,1,0
hTKTRYvuBhEIGvvbYzPG,8,3,NRL,NRL,1998-01-12,0,1
ObCYeQIGzNGfIRONwTbB,3,1,USO,USO,2016-04-02,0,1
djGtqWtURSyKFKNtqXsF,8,3,APA,APA,2019-08-01,1,0
kNEaeWyyAfDViDsIdxif,6,2,APA,APA,1994-07-29,0,0
EsTurQLkuduxQqkUIVKA,4,2,DER,DER,1998-08-27,0,1
TaFuzqHLuyBAWWJLfEmJ,999,3,DER,DER,1994-09-02,1,0
cdKQYQCVrIYUZLqefISs,999,2,MPR,MPR,2013-04-23,0,0
mTdqIBiJCNGNEHcyOuOB,8,1,MPR,MPR,2014-04-21,0,0
QKTvLCetEpkENUTKatKc,2,2,HEM,HEM,2018-01-16,0,1
XWNZBbmNBFTUuDaIsKpL,3,1,RDT,RDT,2007-05-25,1,0
pDauCMGjIRQreoFGQsmG,999,3,HEM,HEM,2002-05-30,0,0
mPuxdrjjoxbsOGadUAar,6,2,CPE,CPE,2009-09-07,1,1
RfpvcUqSqdtRrkEcEXNe,6,1,NEF,NEF,2011-06-02,1,1
IsLrryNtNhibSPDrxARk,4,3,URG,URG,2009-02-01,1,1
sWUfYpbHbyekyNDINGyv,1,2,INM,INM,2020-06-26,0,1
ABuYGCKrMoGtHdUHRPaE,2,3,GRT,GRT,1999-08-26,0,0
TQlKhIrDvNNCnmmpzcsa,5,1,ONC,ONC,2013-05-21,0,0
cbCBqqwuTwyRdMvpJMUv,999,2,ONR,ONR,1999-03-18,0,1
AQuSLDgSrqajsSBExWqP,3,1,ACV,ACV,2001-03-10,0,0
nLfHQIUJKCPTTJCPNwfO,999,1,BCS,BCS,2006-11-30,1,0
EWxziMrsIPvUqBXooSsQ,6,2,NRL,NRL,2013-06-17,1,1
JxRZBSEZuAWtxdleJvrD,5,1,UTR,UTR,1996-03-04,0,0
RihoXXLxqJfsgZAennGO,7,2,OBG,OBG,2018-08-16,0,1
IUHYMVuBvcMthjvYjXWb,3,1,MNU,MNU,2004-05-18,1,0
ZYQnXDGDiPVvlelKMbMb,3,1,CIR,CIR,1995-07-05,0,1
qjCNVnAVoaacqSyNxHJX,5,2,REH,REH,2020-04-10,0,0
mGsPzEDJHLpVUpEGSaTu,5,3,LAB,LAB,1997-05-06,1,0
gZPOyheOfPXYGtKHXLNX,3,1,REH,REH,2014-05-29,1,0
KhVQvnxPqekLpeImmUAp,4,2,DIE,DIE,2008-01-17,0,1
frbGFkRnkPpgkKNiRZXX,1,2,ORL,ORL,1997-10-03,1,0
BMzcdIulRdFQyKZeQSgj,4,3,ONR,ONR,1996-03-25,1,0
VhkVzbvFBoKOmMsxGiMr,1,1,ONR,ONR,2011-09-12,1,1
eOJZhNpClfISFTBhwvpG,8,2,LIT,LIT,1999-07-21,0,1
zJKZEZKorMrosZKSdhMs,8,2,GEN,GEN,2003-01-27,0,0
sstgEXKxYvQYCISDyuJW,2,1,UCE,UCE,2006-03-08,0,0
ycCngzxTUulNQrvqdOIg,999,2,URG,URG,2004-02-15,1,0
OVdqSUpvkZufoRCaMfwR,5,3,FAC,FAC,1997-01-17,1,0
mcnLJVvJTCWBYAiCCmPl,1,2,UHD,UHD,2001-02-25,0,0
BZcqZIWKzfVNvRvNcMzk,4,2,END,END,2018-12-19,1,0
hPHjotcdgmBZAqiVTFQi,8,2,CAR,CAR,2020-02-20,1,1
ajZTJAEhZizRjyMxxGxU,5,2,DIE,DIE,1996-10-13,0,0
BmwCYaQHccWBCjUAhdsT,7,2,UCR,UCR,2003-03-26,1,1
ZDJEnEfNTCWwPZjYZjxO,8,2,CTO,CTO,2016-06-06,0,0
PBrtQmSeArBfKfgIPBwG,6,3,OBG,OBG,2019-12-02,0,1
oNFEYkuJjJjMMfOhHDvp,8,3,EST,EST,2004-11-21,1,1
oMttauPRGBXEfEbQbTfE,8,1,PSQ,PSQ,1998-05-28,0,1
tKPZwBfJBGYyiLdgDLPi,2,3,UCR,UCR,1995-06-02,0,0
CNRuVDekJcPvMzURvcUX,1,2,APA,APA,2012-08-14,1,1
IYBfjbDFqwVxgVfTDgUC,5,1,RAD,RAD,2007-05-21,0,0
eAqXQtPqxlUOpTwaEpWK,3,2,ULE,ULE,1995-09-06,1,1
dtbCByhgidpkiVMCcMra,8,2,APA,APA,2010-11-14,0,1
EvJuONkIXPIejkZzSfcF,1,3,REH,REH,2009-12-21,0,1
DAhUyrtDVNbaBWwlmySO,1,1,LIT,LIT,2012-05-25,0,0
cJsSKXIXWoCRykecYpuG,4,2,INF,INF,2005-10-16,1,0
rfgwHxEGZwNwLqUlvMPh,8,3,ADM,ADM,1997-03-09,0,1
dGVnEoafesJkzojhOzPU,4,2,CPL,CPL,2022-10-03,0,1
nWJnDTJZKmJPXwveUUiL,5,2,INM,INM,2000-01-06,1,0
tNvYAsqUleovQAGodKcC,1,2,DER,DER,2007-01-14,1,1
DqrIpnApHacqgqdlxqmE,4,2,ORL,ORL,2008-06-11,1,1
tlzERcNHXewenXuEIylq,4,2,MIP,MIP,2012-01-17,0,0
XXGzYfwrKlrKSJIadViH,2,1,RAD,RAD,2009-04-30,1,1
CPVPuNKyjKDwpfgJcBsW,8,1,NEF,NEF,2018-11-02,0,0
dOGmEOLCEbqcKtOTrtjt,5,3,CMF,CMF,2010-08-21,0,1
VOLHlpHcimYtzURcuAxl,3,1,ULM,ULM,2014-10-18,0,1
TPnuyJjPIlhaNjFGFDuN,999,2,CTO,CTO,2012-09-14,0,0
dTBhFAjJGOTHQBGtaLvc,999,2,PSQ,PSQ,2012-10-09,1,1
MlFvsqVNtvAKVaaQIHpH,7,3,MPR,MPR,2007-09-04,1,0
ofaHRjCDkzbdKzZeThwO,7,1,NRL,NRL,1999-09-18,1,0
eRGNGAHKBVpRfEJMpgoE,6,1,CPL,CPL,2002-08-26,1,1
iguobyFhJieUtXEnDRvy,7,3,INF,INF,2002-07-20,0,0
PSdqfqCQYnCMGpMGxSpN,1,3,REU,REU,1997-10-16,1,0
hdGoCeZfeFVMNCGFcCEb,8,3,INF,INF,2018-07-14,0,1
SOaOcgBcXrFnOvflfJlg,8,2,END,END,1998-10-16,1,0
fstyDKtjRoZzYOLyvxay,6,1,MFC,MFC,2014-02-06,1,1
qUTzhHjLVYvOiFvxvoMT,5,2,DIE,DIE,2019-12-07,0,1
KAREBaYZqcjhTEinBjAf,5,1,REU,REU,2004-07-26,0,1
TgrHdPnAHUgDxhZcXYGB,3,1,REU,REU,2007-04-15,0,0
ZdFfBFQwSpfgEWrNKnVM,5,1,MIN,MIN,2018-01-27,1,0
jIsSZGwekTkBMhNaMeXC,8,2,INF,INF,2015-03-09,1,0
TmKIttHGqpaTTGuiDwqB,2,1,DIE,DIE,1994-10-16,1,1
luvhgWiGNwJQwNmnstWg,999,2,NEO,NEO,1996-04-05,1,1
qCgqtCxjxVBZtVhCJHLJ,1,3,ULM,ULM,2007-07-28,0,1
DHqkxkOHzlFqiLCmlHNy,2,3,ACV,ACV,2004-01-17,0,1
WOyoqYFjEPIHiJaQQrwa,2,3,MFC,MFC,2021-03-29,0,1
FBmarqXQpEEQnORBEYUA,2,1,DER,DER,1997-07-25,1,1
NjlZJlOkWBTdLvoOtdKM,1,1,MIC,MIC,2003-06-22,1,1
UGLqtGNkHqLvBoACETgD,6,3,TRA,TRA,2011-02-12,0,1
fVWezWOufDiZsbmQBKZr,2,1,RAD,RAD,2013-12-20,1,0
bYrzgyIXyAOLikCsMYAs,5,3,UDO,UDO,2019-05-30,0,0
vjqmDZZVcbvWhpoeTXCx,6,3,INF,INF,2018-09-07,0,0
IsjAeVziXzTcxtEzIskb,5,1,NML,NML,2003-12-24,0,1
xkDVVkVhQmbzrUNwsHJb,999,1,REU,REU,1995-09-27,1,1
xLdOgAojieGFsPAwzXrp,1,1,UCE,UCE,2013-12-03,0,1
PusbEVBIBELzmFtjaEBZ,6,3,ONR,ONR,1999-01-30,1,1
HJTNyvMUQfQdGLkcNruQ,3,3,RAD,RAD,1997-10-17,1,1
LrHgWpSPOAjCFjfNmzfO,999,2,DCL,DCL,1996-04-07,1,0
aNeLCjGdXsblGYGPbSgw,1,2,MIR,MIR,2001-07-18,1,0
scaRqffeQMUFQwVrYePM,6,3,OBG,OBG,2002-05-15,1,0
XObIcYYJEXnHMLwjXDCO,1,1,RDT,RDT,2023-02-02,1,1
xlHfpUvFVOCxBRcITLvU,1,3,DCL,DCL,2005-04-24,0,0
jztSQyBFSZiXAiqHDkuK,3,1,GEN,GEN,2016-11-10,1,0
pcbaNJpByGZDQPpVTFdC,3,1,CPL,CPL,2010-11-11,0,1
QTRrkwWKaijHfWwJlAFq,7,1,CCI,CCI,2018-10-29,0,0
HKGEsGevBIIAHjmoOVUC,7,1,NRL,NRL,1995-02-27,1,1
PBqMMSQUXEAbgckYcgjv,2,2,DCL,DCL,2020-06-08,0,1
DxZumBjpcELeryVNlJJy,999,1,NFC,NFC,2022-09-17,1,1
iIfNXJChDJXyVaVwPzlu,6,2,NRL,NRL,2018-10-20,1,1
nLZWwsJCEfvDtpDQuQDB,4,2,NFC,NFC,2023-08-12,1,0
uhQxixhJAgYvJRKSjjgO,6,3,EST,EST,2018-01-25,0,0
HbIWNBSKduKdEvFoOxzu,7,1,ACV,ACV,2002-10-24,0,1
JkxPBCTsVDsCPuEufZka,999,1,CCA,CCA,2020-05-20,0,0
BLvoTIWcxzJTiDafyAYL,2,2,PSQ,PSQ,1995-11-17,0,1
JXKiTAnUtKpPpzTjaXMv,6,3,MFC,MFC,1999-05-27,0,0
DkpOratzhBlzUXRNUulb,4,3,URO,URO,2015-07-24,0,1
umnBSKdAZYhsQZecwrgW,6,2,ADM,ADM,2014-05-23,1,1
UUuKixtYkZnieaHNMSyX,5,3,ONC,ONC,1995-03-29,0,0
uyotNIpRmNiKTbtMnLDz,2,2,MPR,MPR,2000-05-02,0,0
qacBRPwvAXUYDHjRkfZQ,7,2,PSQ,PSQ,2005-01-16,0,0
sqJwzhQBqJPafbjsqFkE,4,1,BCS,BCS,2020-09-02,1,1
ResmlbkMTKXrYUeUPKWP,4,3,CTO,CTO,2022-06-28,0,1
wWHSinrIzpsdkhwKWJoj,8,3,BIO,BIO,2013-09-10,0,1
ZpBMvAVKLBCvzzufiPOy,1,1,RAI,RAI,1998-05-18,0,0
KNPTIMCNDkUndPManZKm,999,1,OFT,OFT,2012-08-23,1,0
NAbzJueayziQsHtAFsEH,999,3,URG,URG,2010-10-30,1,0
rgbGtQyOynFGFHYGiihZ,6,3,REU,REU,2019-11-05,1,1
oCGcHYOtlLHAKaoThpjC,3,1,FAR,FAR,2021-12-07,1,1
GrbMBDXEeISVjCryFpNA,5,3,DIE,DIE,2010-08-12,0,1
NOvkBNXgaaNWoEWjsJXg,2,2,MIN,MIN,2014-05-01,1,1
SylDGAeWlqtnjjUhcLAJ,7,1,UTR,UTR,2019-06-04,1,1
WRQzgkPrPnMflpuExzig,3,2,MPR,MPR,2022-04-10,0,1
KamEfdStvlhTOHgpDzCu,5,2,NEF,NEF,2016-08-04,0,1
CLwOZbuMNmmUsRrKBNYo,4,3,HEL,HEL,2001-09-12,0,0
FVJNrFxGiKfOmxMslBjm,4,2,GEN,GEN,2021-10-07,0,1
XVJUwvqpYRnUYBXWDFgu,6,1,DCL,DCL,2001-10-17,0,0
BQtPZwwppAtmIdRQjXnj,7,3,ADM,ADM,2005-10-19,1,1
FHbocNtBuFEYsfwscuSS,7,1,MPR,MPR,2019-08-02,1,1
qTqHDxWKlwouPEKzuQae,1,1,ANR,ANR,1994-02-10,0,0
ZZlfuUrFyrvvEjmxayAB,3,3,UCE,UCE,2014-10-19,1,0
fpqpNCJAOAgajZOdkrWU,1,2,END,END,1997-03-11,1,1
WbOMdUJEYtHUyZbfklGr,7,1,ADM,ADM,2007-02-01,0,0
JJOtXmnnSgzLjzhMmOOK,5,3,NML,NML,2015-06-24,0,1
spPHxFiESYFspSAfgsBy,2,3,MNU,MNU,2016-05-08,1,0
OeXFNdcdtFCDvycKstss,8,3,NRC,NRC,2004-12-09,1,0
JpZUVFyYRKopIKghGLKP,8,3,HEL,HEL,2022-11-16,1,1
sjluveVHWKYTNSMJRuUI,1,1,HEM,HEM,1999-09-16,1,0
hGcrzpXjWcloXJGvBaLD,1,2,OTR,OTR,2001-04-16,0,0
YqepVroEmfGSnOnvJyFK,7,2,MNU,MNU,2023-03-01,0,0
URrixgjvqwjwyikKkOGJ,999,1,UTX,UTX,1997-09-03,1,1
sAyPkKwNoUEeqrHClvVM,8,2,END,END,2023-08-05,0,1
QtDyDoiIxwzhpcCykIZa,1,3,NRL,NRL,1994-12-21,0,0
LOltfpzzRCDYqBnIJxwu,4,1,HEL,HEL,2007-09-25,0,0
ZnispbcfdadhUEPOlwQW,8,1,DCL,DCL,1998-06-08,1,1
meFZGyosPAmTtBVwjUnf,4,2,CAR,CAR,1998-04-04,0,1
SCQbRIDzULbIsxWDcGGy,5,2,CAR,CAR,2021-11-21,0,0
hjqCENqWEaFIPXxnIzMJ,8,2,PSQ,PSQ,2003-12-14,0,1
kAlbiELTAnKfltPtZBhC,4,1,MFC,MFC,2019-03-02,0,0
HoLYIhkbByoLuAKsZYwA,1,2,NEF,NEF,2007-02-05,1,1
cIgxqpshWLWehZvgsVea,5,2,HEL,HEL,2009-11-06,0,1
klyoPwunWwnvsDYGiVqu,5,2,URO,URO,1999-06-06,1,1
LCuWwnYufsHkSJaiQtoD,3,1,OFT,OFT,2013-01-20,1,1
qnulUZOJMVCXHHpKtDpY,5,3,RAI,RAI,2016-10-01,0,0
kbKXGdGQniNwmOpXEQAd,6,1,APA,APA,2013-11-30,0,1
ppYoxIdxohTucWWWOolK,8,3,MIN,MIN,2019-04-20,1,0
DHmaWxxvgttsQkojfHKV,7,3,CCA,CCA,2014-01-16,1,1
